,Rk,Player,Nation,Pos,Squad,Age,Born,MP,Starts,Min,90s,Gls,Ast,G+A,G-PK,PK,PKatt,CrdY,CrdR,xG,npxG,xAG,npxG+xAG,PrgC,PrgP,PrgR,Gls/90s,Ast/90s,G+A/90s,G-PK/90s,G+A-PK,xG/90s,xAG/90s,xG+xAG,npxG/90s,npxG+xAG/90s,XG-Overperformance,xAG-Overperformance
0,1,Max Aarons,ENG,DF,Bournemouth,24,2000,3,1,86,1.0,0,0,0,0,0,0,0,0,0.0,0.0,0.0,0.0,1,8,3,0.0,0.0,0.0,0.0,0.0,0.0,0.0,0.0,0.0,0.0,0.0,0.0
1,2,Joshua Acheampong,ENG,DF,Chelsea,18,2006,4,2,170,1.9,0,0,0,0,0,0,1,0,0.2,0.2,0.0,0.2,0,8,0,0.0,0.0,0.0,0.0,0.0,0.12,0.0,0.12,0.12,0.12,-0.2,0.0
2,3,Tyler Adams,USA,MF,Bournemouth,25,1999,28,21,1965,21.8,0,3,3,0,0,0,7,0,1.6,1.6,1.0,2.6,14,76,10,0.0,0.14,0.14,0.0,0.14,0.07,0.05,0.12,0.07,0.12,-1.6,2.0
3,4,Tosin Adarabioyo,ENG,DF,Chelsea,26,1997,22,15,1409,15.7,1,1,2,1,0,0,4,0,0.9,0.9,0.2,1.2,5,42,1,0.06,0.06,0.13,0.06,0.13,0.06,0.01,0.07,0.06,0.07,0.1,0.8
4,5,Simon Adingra,CIV,"FW,MF",Brighton,22,2002,29,12,1097,12.2,2,2,4,2,0,0,0,0,2.5,2.5,2.5,4.9,50,18,136,0.16,0.16,0.33,0.16,0.33,0.2,0.2,0.4,0.2,0.4,-0.5,-0.5
5,6,Emmanuel Agbadou,CIV,DF,Wolves,27,1997,16,16,1410,15.7,1,0,1,1,0,0,3,0,0.8,0.8,0.2,1.1,6,31,2,0.06,0.0,0.06,0.06,0.06,0.05,0.02,0.07,0.05,0.07,0.2,-0.2
6,7,Asher Agbinone,ENG,MF,Crystal Palace,18,2005,2,0,6,0.1,0,0,0,0,0,0,0,0,0.0,0.0,0.0,0.1,2,0,1,0.0,0.0,0.0,0.0,0.0,0.29,0.5,0.79,0.29,0.79,0.0,0.0
7,8,Ola Aina,NGA,DF,Nott'ham Forest,27,1996,35,35,2995,33.3,2,1,3,2,0,0,5,0,0.6,0.6,1.4,2.1,67,107,67,0.06,0.03,0.09,0.06,0.09,0.02,0.04,0.06,0.02,0.06,1.4,-0.4
8,9,Rayan Aït-Nouri,ALG,DF,Wolves,23,2001,37,37,3109,34.5,4,7,11,4,0,0,7,1,2.7,2.7,5.5,8.2,89,108,176,0.12,0.2,0.32,0.12,0.32,0.08,0.16,0.24,0.08,0.24,1.3,1.5
9,10,Kristoffer Ajer,NOR,DF,Brentford,26,1998,24,17,1438,16.0,0,0,0,0,0,0,5,0,1.0,1.0,1.2,2.2,27,56,44,0.0,0.0,0.0,0.0,0.0,0.06,0.08,0.14,0.06,0.14,-1.0,-1.2
10,11,Manuel Akanji,SUI,DF,Manchester City,29,1995,26,23,2014,22.4,0,0,0,0,0,0,3,0,1.6,1.6,0.4,1.9,46,158,7,0.0,0.0,0.0,0.0,0.0,0.07,0.02,0.09,0.07,0.09,-1.6,-0.4
11,12,Nathan Aké,NED,DF,Manchester City,29,1995,10,8,678,7.5,0,0,0,0,0,0,0,0,0.2,0.2,0.0,0.2,12,50,2,0.0,0.0,0.0,0.0,0.0,0.03,0.0,0.03,0.03,0.03,-0.2,0.0
12,13,Carlos Alcaraz,ARG,MF,Southampton,21,2002,1,0,10,0.1,0,0,0,0,0,0,0,0,0.1,0.1,0.1,0.2,4,6,1,0.0,0.0,0.0,0.0,0.0,0.62,0.86,1.48,0.62,1.48,-0.1,-0.1
13,14,Carlos Alcaraz,ARG,"FW,MF",Everton,21,2002,15,7,764,8.5,2,3,5,2,0,0,4,0,1.7,1.7,1.6,3.4,19,42,21,0.24,0.35,0.59,0.24,0.59,0.2,0.19,0.4,0.2,0.4,0.3,1.4
14,15,Trent Alexander-Arnold,ENG,DF,Liverpool,25,1998,33,28,2365,26.3,3,6,9,3,0,0,5,0,1.9,1.9,7.3,9.2,51,232,94,0.11,0.23,0.34,0.11,0.34,0.07,0.28,0.35,0.07,0.35,1.1,-1.3
15,16,Alisson,BRA,GK,Liverpool,31,1992,28,28,2508,27.9,0,0,0,0,0,0,0,0,0.0,0.0,0.6,0.6,0,1,0,0.0,0.0,0.0,0.0,0.0,0.0,0.02,0.02,0.0,0.02,0.0,-0.6
16,17,Miguel Almirón,PAR,FW,Newcastle Utd,30,1994,9,1,157,1.7,0,0,0,0,0,0,0,0,0.5,0.5,0.3,0.8,3,6,18,0.0,0.0,0.0,0.0,0.0,0.3,0.15,0.45,0.3,0.45,-0.5,-0.3
17,18,Olabade Aluko,,DF,Leicester City,,,1,0,2,0.0,0,0,0,0,0,0,0,0,0.0,0.0,0.0,0.0,0,0,0,0.0,0.0,0.0,0.0,0.0,0.0,0.0,0.0,0.0,0.0,0.0,0.0
18,19,Edson Álvarez,MEX,MF,West Ham,26,1997,28,20,1772,19.7,0,1,1,0,0,0,9,1,0.4,0.4,0.8,1.2,24,85,18,0.0,0.05,0.05,0.0,0.05,0.02,0.04,0.06,0.02,0.06,-0.4,0.2
19,20,Will Alves,ENG,FW,Leicester City,19,2005,1,0,1,0.0,0,0,0,0,0,0,0,0,0.0,0.0,0.0,0.0,0,0,1,0.0,0.0,0.0,0.0,0.0,0.0,0.0,0.0,0.0,0.0,0.0,0.0
20,21,Harry Amass,ENG,DF,Manchester Utd,17,2007,5,4,346,3.8,0,0,0,0,0,0,0,0,0.1,0.1,0.0,0.1,9,7,23,0.0,0.0,0.0,0.0,0.0,0.02,0.01,0.02,0.02,0.02,-0.1,0.0
21,22,Samuel Amo-Ameyaw,ENG,"FW,DF",Southampton,18,2006,2,0,28,0.3,0,0,0,0,0,0,1,0,0.0,0.0,0.1,0.1,1,0,3,0.0,0.0,0.0,0.0,0.0,0.07,0.22,0.29,0.07,0.29,0.0,-0.1
22,23,Mathis Amougou,FRA,MF,Chelsea,18,2006,1,0,8,0.1,0,0,0,0,0,0,0,0,0.0,0.0,0.0,0.0,0,1,0,0.0,0.0,0.0,0.0,0.0,0.0,0.0,0.0,0.0,0.0,0.0,0.0
23,24,Joachim Andersen,DEN,DF,Crystal Palace,28,1996,1,1,90,1.0,0,0,0,0,0,0,1,0,0.0,0.0,0.0,0.0,1,4,1,0.0,0.0,0.0,0.0,0.0,0.04,0.0,0.04,0.04,0.04,0.0,0.0
24,25,Joachim Andersen,DEN,DF,Fulham,28,1996,29,29,2583,28.7,0,0,0,0,0,0,6,1,1.0,1.0,0.5,1.5,16,112,2,0.0,0.0,0.0,0.0,0.0,0.04,0.02,0.05,0.04,0.05,-1.0,-0.5
25,26,Elliot Anderson,ENG,MF,Nott'ham Forest,21,2002,37,33,2728,30.3,2,6,8,2,0,0,10,0,2.1,2.1,3.3,5.4,52,143,95,0.07,0.2,0.26,0.07,0.26,0.07,0.11,0.18,0.07,0.18,-0.1,2.7
26,27,André,BRA,MF,Wolves,23,2001,33,31,2472,27.5,0,0,0,0,0,0,7,0,0.4,0.4,0.8,1.3,10,109,11,0.0,0.0,0.0,0.0,0.0,0.02,0.03,0.05,0.02,0.05,-0.4,-0.8
27,28,Michail Antonio,JAM,FW,West Ham,34,1990,14,11,836,9.3,1,1,2,1,0,0,1,0,2.2,2.2,1.6,3.8,29,18,59,0.11,0.11,0.22,0.11,0.22,0.24,0.17,0.41,0.24,0.41,-1.2,-0.6
28,29,Antony,BRA,"DF,MF",Manchester Utd,24,2000,8,0,141,1.6,0,0,0,0,0,0,0,0,1.0,1.0,0.1,1.1,5,6,7,0.0,0.0,0.0,0.0,0.0,0.65,0.08,0.73,0.65,0.73,-1.0,-0.1
29,30,Julian Araujo,MEX,DF,Bournemouth,22,2001,12,7,497,5.5,0,0,0,0,0,0,2,0,0.0,0.0,0.1,0.1,4,14,22,0.0,0.0,0.0,0.0,0.0,0.0,0.01,0.01,0.0,0.01,0.0,-0.1
30,31,Cameron Archer,ENG,FW,Southampton,23,2001,35,13,1441,16.0,2,0,2,2,0,1,0,0,5.7,4.9,0.5,5.4,22,14,66,0.12,0.0,0.12,0.12,0.12,0.36,0.03,0.39,0.31,0.34,-3.7,-0.5
31,32,Alphonse Areola,FRA,GK,West Ham,31,1993,26,25,2260,25.1,0,0,0,0,0,0,0,0,0.0,0.0,0.0,0.0,0,1,0,0.0,0.0,0.0,0.0,0.0,0.0,0.0,0.0,0.0,0.0,0.0,0.0
32,33,Joe Aribo,NGA,"MF,DF",Southampton,28,1996,32,21,2013,22.4,3,0,3,3,0,0,1,0,2.7,2.7,1.6,4.3,36,75,65,0.13,0.0,0.13,0.13,0.13,0.12,0.07,0.19,0.12,0.19,0.3,-1.6
33,34,Adam Armstrong,ENG,"FW,MF",Southampton,27,1997,20,15,1248,13.9,2,2,4,2,0,1,4,0,3.3,2.3,1.2,3.5,25,21,79,0.14,0.14,0.29,0.14,0.29,0.24,0.09,0.32,0.17,0.25,-1.3,0.8
34,35,Harrison Armstrong,ENG,MF,Everton,17,2007,3,0,48,0.5,0,0,0,0,0,0,1,0,0.4,0.4,0.1,0.4,1,1,0,0.0,0.0,0.0,0.0,0.0,0.69,0.14,0.82,0.69,0.82,-0.4,-0.1
35,36,Kepa Arrizabalaga,ESP,GK,Bournemouth,29,1994,31,31,2790,31.0,0,0,0,0,0,0,3,0,0.1,0.1,0.0,0.1,0,2,0,0.0,0.0,0.0,0.0,0.0,0.0,0.0,0.0,0.0,0.0,-0.1,0.0
36,37,Marco Asensio,ESP,MF,Aston Villa,28,1996,13,9,743,8.3,3,1,4,3,0,2,2,0,4.4,2.9,1.0,3.8,22,45,38,0.36,0.12,0.48,0.36,0.48,0.54,0.12,0.66,0.35,0.47,-1.4,0.0
37,38,Brandon Austin,ENG,GK,Tottenham,25,1999,1,1,90,1.0,0,0,0,0,0,0,0,0,0.0,0.0,0.0,0.0,0,0,0,0.0,0.0,0.0,0.0,0.0,0.0,0.0,0.0,0.0,0.0,0.0,0.0
38,39,Taiwo Awoniyi,NGA,FW,Nott'ham Forest,26,1997,26,3,416,4.6,1,0,1,1,0,0,0,0,2.1,2.1,0.1,2.2,6,7,20,0.22,0.0,0.22,0.22,0.22,0.46,0.02,0.48,0.46,0.48,-1.1,-0.1
39,40,Yasin Ayari,SWE,MF,Brighton,20,2003,34,22,1965,21.8,2,1,3,2,0,0,3,0,2.4,2.4,2.3,4.8,30,75,61,0.09,0.05,0.14,0.09,0.14,0.11,0.11,0.22,0.11,0.22,-0.4,-1.3
40,41,Jordan Ayew,GHA,"FW,MF",Crystal Palace,32,1991,1,0,21,0.2,0,0,0,0,0,0,1,0,0.5,0.5,0.0,0.5,0,0,1,0.0,0.0,0.0,0.0,0.0,1.96,0.21,2.17,1.96,2.17,-0.5,0.0
41,42,Jordan Ayew,GHA,"FW,MF",Leicester City,32,1991,30,19,1638,18.2,5,0,5,4,1,1,5,0,3.2,2.4,1.1,3.5,49,46,86,0.27,0.0,0.27,0.22,0.22,0.17,0.06,0.24,0.13,0.19,1.8,-1.1
42,43,Benoît Badiashile,FRA,DF,Chelsea,23,2001,5,3,334,3.7,0,0,0,0,0,0,0,0,0.0,0.0,0.0,0.0,3,17,2,0.0,0.0,0.0,0.0,0.0,0.0,0.0,0.0,0.0,0.0,0.0,0.0
43,44,Leon Bailey,JAM,"FW,MF",Aston Villa,26,1997,24,14,1139,12.7,1,2,3,1,0,0,3,0,1.7,1.7,1.5,3.3,58,35,121,0.08,0.16,0.24,0.08,0.24,0.14,0.12,0.26,0.14,0.26,-0.7,0.5
44,45,Carlos Baleba,CMR,MF,Brighton,20,2004,34,31,2661,29.6,3,1,4,3,0,0,8,1,3.1,3.1,1.3,4.4,43,118,29,0.1,0.03,0.14,0.1,0.14,0.1,0.05,0.15,0.1,0.15,-0.1,-0.3
45,46,Ross Barkley,ENG,MF,Aston Villa,30,1993,20,3,581,6.5,3,1,4,3,0,0,3,0,1.8,1.8,0.6,2.4,15,36,10,0.46,0.15,0.62,0.46,0.62,0.27,0.1,0.37,0.27,0.37,1.2,0.4
46,47,Harvey Barnes,ENG,FW,Newcastle Utd,26,1997,33,17,1755,19.5,9,4,13,9,0,0,0,0,7.2,7.2,4.0,11.2,93,83,192,0.46,0.21,0.67,0.46,0.67,0.37,0.2,0.57,0.37,0.57,1.8,0.0
47,48,Calvin Bassey,NGA,DF,Fulham,24,1999,35,34,3074,34.2,1,0,1,1,0,0,7,0,1.0,1.0,0.1,1.2,39,116,15,0.03,0.0,0.03,0.03,0.03,0.03,0.0,0.03,0.03,0.03,0.0,-0.1
48,49,Altay Bayındır,TUR,GK,Manchester Utd,26,1998,4,4,360,4.0,0,0,0,0,0,0,0,0,0.0,0.0,0.0,0.0,0,0,0,0.0,0.0,0.0,0.0,0.0,0.0,0.0,0.0,0.0,0.0,0.0,0.0
49,50,Jan Bednarek,POL,DF,Southampton,28,1996,30,30,2531,28.1,2,0,2,2,0,0,7,0,0.7,0.7,0.5,1.2,5,60,2,0.07,0.0,0.07,0.07,0.07,0.02,0.02,0.04,0.02,0.04,1.3,-0.5
50,51,Armel Bella Kotchap,GER,DF,Southampton,22,2001,4,2,331,3.7,0,0,0,0,0,0,0,0,0.3,0.3,0.0,0.3,0,5,0,0.0,0.0,0.0,0.0,0.0,0.09,0.0,0.09,0.09,0.09,-0.3,0.0
51,52,Jean-Ricner Bellegarde,FRA,"MF,FW",Wolves,26,1998,35,20,1677,18.6,2,7,9,2,0,0,3,0,1.5,1.5,3.8,5.3,52,43,89,0.11,0.38,0.48,0.11,0.48,0.08,0.2,0.29,0.08,0.29,0.5,3.2
52,53,Rodrigo Bentancur,URU,MF,Tottenham,27,1997,26,21,1645,18.3,2,0,2,2,0,0,9,0,1.3,1.3,0.4,1.7,28,100,34,0.11,0.0,0.11,0.11,0.11,0.07,0.02,0.1,0.07,0.1,0.7,-0.4
53,54,Daniel Bentley,ENG,GK,Wolves,31,1993,2,2,180,2.0,0,0,0,0,0,0,0,0,0.0,0.0,0.0,0.0,0,0,0,0.0,0.0,0.0,0.0,0.0,0.0,0.0,0.0,0.0,0.0,0.0,0.0
54,55,Sander Berge,NOR,MF,Fulham,26,1998,31,26,2224,24.7,0,0,0,0,0,0,6,0,0.4,0.4,0.6,1.0,29,124,9,0.0,0.0,0.0,0.0,0.0,0.01,0.03,0.04,0.01,0.04,-0.4,-0.6
55,56,Lucas Bergvall,SWE,MF,Tottenham,18,2006,27,11,1212,13.5,0,1,1,0,0,0,3,0,0.7,0.7,0.6,1.3,33,49,31,0.0,0.07,0.07,0.0,0.07,0.05,0.04,0.09,0.05,0.09,-0.7,0.4
56,57,Victor Bernth Kristiansen,DEN,DF,Leicester City,21,2002,30,29,2482,27.6,0,1,1,0,0,0,1,0,0.3,0.3,1.4,1.7,40,70,78,0.0,0.04,0.04,0.0,0.04,0.01,0.05,0.06,0.01,0.06,-0.3,-0.4
57,58,Beto,GNB,FW,Everton,26,1998,30,15,1534,17.0,8,0,8,8,0,0,2,0,8.2,8.2,1.2,9.4,15,16,77,0.47,0.0,0.47,0.47,0.47,0.48,0.07,0.55,0.48,0.55,-0.2,-1.2
58,59,Philip Billing,DEN,MF,Bournemouth,28,1996,10,1,184,2.0,0,0,0,0,0,0,1,0,0.6,0.6,1.1,1.7,3,15,13,0.0,0.0,0.0,0.0,0.0,0.28,0.54,0.82,0.28,0.82,-0.6,-1.1
59,60,Yves Bissouma,MLI,MF,Tottenham,27,1996,28,16,1408,15.6,2,0,2,2,0,0,7,0,0.6,0.6,0.3,0.9,15,75,3,0.13,0.0,0.13,0.13,0.13,0.04,0.02,0.06,0.04,0.06,1.4,-0.3
60,61,Oscar Bobb,NOR,FW,Manchester City,21,2003,3,0,16,0.2,0,0,0,0,0,0,0,0,0.0,0.0,0.1,0.1,1,1,1,0.0,0.0,0.0,0.0,0.0,0.0,0.41,0.41,0.0,0.41,0.0,-0.1
61,62,Lamare Bogarde,NED,"DF,MF",Aston Villa,20,2004,8,5,476,5.3,0,0,0,0,0,0,2,0,0.0,0.0,0.1,0.2,12,14,9,0.0,0.0,0.0,0.0,0.0,0.01,0.02,0.03,0.01,0.03,0.0,-0.1
62,63,Willy Boly,CIV,DF,Nott'ham Forest,33,1991,6,1,150,1.7,0,0,0,0,0,0,1,0,0.1,0.1,0.0,0.1,0,2,0,0.0,0.0,0.0,0.0,0.0,0.04,0.0,0.04,0.04,0.04,-0.1,0.0
63,64,Sven Botman,NED,DF,Newcastle Utd,24,2000,8,6,412,4.6,0,0,0,0,0,0,1,0,0.5,0.5,0.5,1.1,0,7,0,0.0,0.0,0.0,0.0,0.0,0.12,0.12,0.24,0.12,0.24,-0.5,-0.5
64,65,Jarrod Bowen,ENG,"FW,MF",West Ham,27,1996,34,34,2973,33.0,13,8,21,12,1,1,1,0,8.6,7.8,6.8,14.7,109,91,212,0.39,0.24,0.64,0.36,0.61,0.26,0.21,0.47,0.24,0.44,4.4,1.2
65,66,Conor Bradley,NIR,DF,Liverpool,21,2003,19,7,754,8.4,0,2,2,0,0,0,4,0,0.7,0.7,1.4,2.1,35,33,39,0.0,0.24,0.24,0.0,0.24,0.08,0.17,0.25,0.08,0.25,-0.7,0.6
66,67,Jarrad Branthwaite,ENG,DF,Everton,22,2002,30,28,2511,27.9,0,1,1,0,0,0,4,0,1.2,1.2,0.7,1.9,10,66,2,0.0,0.04,0.04,0.0,0.04,0.04,0.02,0.07,0.04,0.07,-1.2,0.3
67,68,James Bree,ENG,DF,Southampton,26,1997,17,13,1075,11.9,0,1,1,0,0,0,0,0,0.1,0.1,0.9,1.0,13,34,43,0.0,0.08,0.08,0.0,0.08,0.01,0.08,0.08,0.01,0.08,-0.1,0.1
68,69,Ben Brereton,CHI,FW,Southampton,25,1999,10,4,449,5.0,0,0,0,0,0,0,1,0,0.9,0.9,0.1,1.0,12,9,42,0.0,0.0,0.0,0.0,0.0,0.18,0.02,0.2,0.18,0.2,-0.9,-0.1
69,70,Nathan Broadhead,WAL,"MF,FW",Ipswich Town,26,1998,18,7,702,7.8,2,0,2,2,0,0,1,0,1.7,1.7,0.7,2.4,20,14,33,0.26,0.0,0.26,0.26,0.26,0.22,0.09,0.31,0.22,0.31,0.3,-0.7
70,71,Armando Broja,ALB,FW,Everton,22,2001,10,4,334,3.7,0,0,0,0,0,0,1,0,0.1,0.1,0.2,0.3,12,2,26,0.0,0.0,0.0,0.0,0.0,0.03,0.05,0.08,0.03,0.08,-0.1,-0.2
71,72,David Brooks,WAL,"FW,MF",Bournemouth,27,1997,29,9,960,10.7,2,0,2,2,0,0,3,0,2.5,2.5,1.9,4.4,35,35,83,0.19,0.0,0.19,0.19,0.19,0.24,0.18,0.41,0.24,0.41,-0.5,-1.9
72,73,Emi Buendía,ARG,"MF,FW",Aston Villa,27,1996,12,0,98,1.1,0,0,0,0,0,0,1,0,0.7,0.7,0.0,0.7,3,7,6,0.0,0.0,0.0,0.0,0.0,0.6,0.02,0.62,0.6,0.62,-0.7,0.0
73,74,Santiago Bueno,URU,DF,Wolves,25,1998,29,18,1687,18.7,0,0,0,0,0,0,2,0,0.4,0.4,0.0,0.4,1,28,1,0.0,0.0,0.0,0.0,0.0,0.02,0.0,0.02,0.02,0.02,-0.4,0.0
74,75,Facundo Buonanotte,ARG,"FW,MF",Leicester City,19,2004,31,14,1523,16.9,5,2,7,5,0,0,8,0,3.9,3.9,3.1,7.0,39,54,74,0.3,0.12,0.41,0.3,0.41,0.23,0.18,0.41,0.23,0.41,1.1,-1.1
75,76,Cameron Burgess,AUS,DF,Ipswich Town,28,1995,18,16,1541,17.1,0,2,2,0,0,0,0,0,1.1,1.1,0.5,1.6,2,42,4,0.0,0.12,0.12,0.0,0.12,0.06,0.03,0.09,0.06,0.09,-1.1,1.5
76,77,Dan Burn,ENG,DF,Newcastle Utd,32,1992,37,37,3330,37.0,1,1,2,1,0,0,11,0,2.0,2.0,0.9,2.8,12,75,14,0.03,0.03,0.05,0.03,0.05,0.05,0.02,0.08,0.05,0.08,-1.0,0.1
77,78,Wes Burns,WAL,"FW,DF",Ipswich Town,29,1994,18,12,926,10.3,0,1,1,0,0,0,1,0,0.5,0.5,1.6,2.2,38,8,65,0.0,0.1,0.1,0.0,0.1,0.05,0.16,0.21,0.05,0.21,-0.5,-0.6
78,79,Nathan Butler-Oyedeji,ENG,FW,Arsenal,21,2003,1,0,7,0.1,0,0,0,0,0,0,0,0,0.1,0.1,0.0,0.1,0,0,0,0.0,0.0,0.0,0.0,0.0,0.94,0.0,0.94,0.94,0.94,-0.1,0.0
79,80,Moisés Caicedo,ECU,"MF,DF",Chelsea,22,2001,38,38,3351,37.2,1,2,3,1,0,0,11,0,0.8,0.8,3.0,3.8,43,215,37,0.03,0.05,0.08,0.03,0.08,0.02,0.08,0.1,0.02,0.1,0.2,-1.0
80,81,Tom Cairney,SCO,MF,Fulham,33,1991,25,3,628,7.0,2,0,2,2,0,0,3,1,0.8,0.8,1.1,1.8,18,53,33,0.29,0.0,0.29,0.29,0.29,0.11,0.15,0.26,0.11,0.26,1.2,-1.1
81,82,Jens Cajuste,SWE,MF,Ipswich Town,24,1999,30,25,1959,21.8,1,1,2,1,0,0,2,0,0.7,0.7,0.8,1.5,26,59,20,0.05,0.05,0.09,0.05,0.09,0.03,0.04,0.07,0.03,0.07,0.3,0.2
82,83,Riccardo Calafiori,ITA,DF,Arsenal,22,2002,19,11,983,10.9,2,1,3,2,0,0,4,0,0.9,0.9,0.3,1.1,22,54,29,0.18,0.09,0.27,0.18,0.27,0.08,0.03,0.11,0.08,0.11,1.1,0.7
83,84,Dominic Calvert-Lewin,ENG,FW,Everton,27,1997,26,19,1609,17.9,3,1,4,3,0,0,2,0,6.7,6.7,0.6,7.4,23,20,112,0.17,0.06,0.22,0.17,0.22,0.38,0.04,0.41,0.38,0.41,-3.7,0.4
84,85,Diego Carlos,BRA,DF,Aston Villa,31,1993,10,8,830,9.2,0,0,0,0,0,0,1,0,0.6,0.6,0.0,0.6,3,34,0,0.0,0.0,0.0,0.0,0.0,0.07,0.0,0.07,0.07,0.07,-0.6,0.0
85,86,Fabio Carvalho,POR,"FW,MF",Brentford,21,2002,19,3,455,5.1,2,1,3,2,0,0,1,0,2.5,2.5,0.7,3.2,9,17,23,0.4,0.2,0.59,0.4,0.59,0.49,0.13,0.62,0.49,0.62,-0.5,0.3
86,87,Casemiro,BRA,MF,Manchester Utd,32,1992,24,18,1494,16.6,1,0,1,1,0,0,5,0,1.9,1.9,2.3,4.2,4,84,28,0.06,0.0,0.06,0.06,0.06,0.11,0.14,0.25,0.11,0.25,-0.9,-2.3
87,88,Kaelan Casey,ENG,DF,West Ham,19,2004,1,0,1,0.0,0,0,0,0,0,0,0,0,0.0,0.0,0.0,0.0,0,0,0,0.0,0.0,0.0,0.0,0.0,0.0,0.0,0.0,0.0,0.0,0.0,0.0
88,89,Matty Cash,POL,DF,Aston Villa,26,1997,27,24,2070,23.0,1,1,2,1,0,0,7,0,0.5,0.5,1.1,1.6,48,42,90,0.04,0.04,0.09,0.04,0.09,0.02,0.05,0.07,0.02,0.07,0.5,-0.1
89,90,Eiran Cashin,IRL,DF,Brighton,22,2001,2,0,20,0.2,0,0,0,0,0,0,0,0,0.0,0.0,0.0,0.0,0,6,1,0.0,0.0,0.0,0.0,0.0,0.0,0.0,0.0,0.0,0.0,0.0,0.0
90,91,Timothy Castagne,BEL,DF,Fulham,28,1995,24,17,1649,18.3,0,1,1,0,0,0,1,0,0.4,0.4,1.2,1.6,17,62,67,0.0,0.05,0.05,0.0,0.05,0.02,0.07,0.09,0.02,0.09,-0.4,-0.2
91,92,Trevoh Chalobah,ENG,DF,Crystal Palace,25,1999,12,12,1060,11.8,3,0,3,3,0,0,1,0,1.2,1.2,0.4,1.6,11,34,6,0.25,0.0,0.25,0.25,0.25,0.1,0.03,0.14,0.1,0.14,1.8,-0.4
92,93,Trevoh Chalobah,ENG,DF,Chelsea,25,1999,13,11,910,10.1,0,1,1,0,0,0,2,0,0.8,0.8,1.2,2.0,4,37,2,0.0,0.1,0.1,0.0,0.1,0.08,0.12,0.19,0.08,0.19,-0.8,-0.2
93,94,Conor Chaplin,ENG,"MF,FW",Ipswich Town,27,1997,22,10,857,9.5,1,1,2,1,0,0,2,0,1.5,1.5,0.7,2.2,13,29,23,0.11,0.11,0.21,0.11,0.21,0.16,0.07,0.23,0.16,0.23,-0.5,0.3
94,95,Youssef Chermiti,POR,"FW,MF",Everton,20,2004,4,0,45,0.5,0,0,0,0,0,0,1,0,0.1,0.1,0.0,0.1,0,1,6,0.0,0.0,0.0,0.0,0.0,0.22,0.0,0.22,0.22,0.22,-0.1,0.0
95,96,Federico Chiesa,ITA,FW,Liverpool,26,1997,6,1,108,1.2,0,0,0,0,0,0,0,0,0.3,0.3,0.2,0.5,3,3,7,0.0,0.0,0.0,0.0,0.0,0.28,0.15,0.43,0.28,0.43,-0.3,-0.2
96,97,Ben Chilwell,ENG,DF,Crystal Palace,27,1996,8,1,259,2.9,1,0,1,1,0,0,1,0,0.2,0.2,0.8,1.0,5,8,15,0.35,0.0,0.35,0.35,0.35,0.08,0.26,0.34,0.08,0.34,0.8,-0.8
97,98,Chiquinho,POR,MF,Wolves,24,2000,1,0,7,0.1,0,0,0,0,0,0,0,0,0.0,0.0,0.0,0.0,0,0,0,0.0,0.0,0.0,0.0,0.0,0.0,0.42,0.42,0.0,0.42,0.0,0.0
98,99,Hamza Choudhury,BAN,"MF,DF",Leicester City,26,1997,4,1,131,1.5,0,0,0,0,0,0,0,0,0.0,0.0,0.4,0.4,4,3,6,0.0,0.0,0.0,0.0,0.0,0.0,0.27,0.27,0.0,0.27,0.0,-0.4
99,100,Ryan Christie,SCO,MF,Bournemouth,29,1995,29,27,2117,23.5,2,3,5,2,0,0,9,0,1.8,1.8,3.5,5.4,34,137,44,0.09,0.13,0.21,0.09,0.21,0.08,0.15,0.23,0.08,0.23,0.2,-0.5
100,101,Harry Clarke,ENG,DF,Ipswich Town,23,2001,7,4,379,4.2,0,0,0,0,0,0,3,1,0.1,0.1,0.0,0.1,5,14,2,0.0,0.0,0.0,0.0,0.0,0.02,0.01,0.03,0.02,0.03,-0.1,0.0
101,102,Jack Clarke,ENG,"FW,MF",Ipswich Town,23,2000,32,12,1181,13.1,0,4,4,0,0,0,2,0,1.2,1.2,2.3,3.5,39,44,57,0.0,0.3,0.3,0.0,0.3,0.09,0.17,0.26,0.09,0.26,-1.2,1.7
102,103,Nathaniel Clyne,ENG,"DF,MF",Crystal Palace,33,1991,13,5,483,5.4,0,0,0,0,0,0,1,0,0.0,0.0,0.3,0.3,6,7,8,0.0,0.0,0.0,0.0,0.0,0.0,0.06,0.06,0.0,0.06,0.0,-0.3
103,104,Conor Coady,ENG,DF,Leicester City,31,1993,22,19,1714,19.0,1,0,1,1,0,0,3,0,0.4,0.4,0.1,0.5,3,32,0,0.05,0.0,0.05,0.05,0.05,0.02,0.0,0.03,0.02,0.03,0.6,-0.1
104,105,Séamus Coleman,IRL,DF,Everton,35,1988,5,3,215,2.4,0,0,0,0,0,0,1,0,0.6,0.6,0.0,0.6,1,11,7,0.0,0.0,0.0,0.0,0.0,0.24,0.0,0.24,0.24,0.24,-0.6,0.0
105,106,Nathan Collins,IRL,DF,Brentford,23,2001,38,38,3420,38.0,2,3,5,2,0,0,5,0,2.5,2.5,1.8,4.3,32,127,18,0.05,0.08,0.13,0.05,0.13,0.07,0.05,0.11,0.07,0.11,-0.5,1.2
106,107,Toby Collyer,ENG,MF,Manchester Utd,20,2004,6,0,179,2.0,0,0,0,0,0,0,0,0,0.2,0.2,0.3,0.4,0,5,2,0.0,0.0,0.0,0.0,0.0,0.09,0.13,0.22,0.09,0.22,-0.2,-0.3
107,108,Levi Colwill,ENG,DF,Chelsea,21,2003,35,35,3149,35.0,2,1,3,2,0,0,9,0,1.9,1.9,1.1,3.0,14,131,12,0.06,0.03,0.09,0.06,0.09,0.05,0.03,0.09,0.05,0.09,0.1,-0.1
108,109,Lewis Cook,ENG,"MF,DF",Bournemouth,27,1997,36,32,2978,33.1,1,3,4,1,0,0,8,1,0.9,0.9,4.1,5.1,33,158,52,0.03,0.09,0.12,0.03,0.12,0.03,0.12,0.15,0.03,0.15,0.1,-1.1
109,110,Maxwel Cornet,CIV,FW,Southampton,27,1996,2,1,72,0.8,0,0,0,0,0,0,1,0,0.2,0.2,0.0,0.2,1,0,5,0.0,0.0,0.0,0.0,0.0,0.2,0.0,0.2,0.2,0.2,-0.2,0.0
110,111,Vladimír Coufal,CZE,DF,West Ham,31,1992,22,11,1067,11.9,0,0,0,0,0,0,5,0,0.3,0.3,0.7,1.0,26,39,33,0.0,0.0,0.0,0.0,0.0,0.03,0.06,0.08,0.03,0.08,-0.3,-0.7
111,112,Woyo Coulibaly,MLI,DF,Leicester City,25,1999,4,1,109,1.2,0,0,0,0,0,0,1,0,0.0,0.0,0.0,0.0,4,3,2,0.0,0.0,0.0,0.0,0.0,0.04,0.0,0.04,0.04,0.04,0.0,0.0
112,113,Aaron Cresswell,ENG,DF,West Ham,34,1989,18,10,824,9.2,0,0,0,0,0,0,3,0,0.2,0.2,1.3,1.6,6,36,4,0.0,0.0,0.0,0.0,0.0,0.03,0.15,0.17,0.03,0.17,-0.2,-1.3
113,114,Marc Cucurella,ESP,DF,Chelsea,26,1998,36,33,2988,33.2,5,1,6,5,0,0,10,1,2.8,2.8,2.1,4.9,35,118,117,0.15,0.03,0.18,0.15,0.18,0.08,0.06,0.15,0.08,0.15,2.2,-1.1
114,115,Jorge Cuenca,ESP,DF,Fulham,24,1999,8,4,351,3.9,0,0,0,0,0,0,0,0,0.0,0.0,0.0,0.0,0,10,0,0.0,0.0,0.0,0.0,0.0,0.01,0.0,0.01,0.01,0.01,0.0,0.0
115,116,Matheus Cunha,BRA,"MF,FW",Wolves,25,1999,33,29,2597,28.9,15,6,21,15,0,0,4,0,8.6,8.6,7.7,16.4,112,144,161,0.52,0.21,0.73,0.52,0.73,0.3,0.27,0.57,0.3,0.57,6.4,-1.7
116,117,Patson Daka,ZAM,"FW,MF",Leicester City,25,1998,23,6,736,8.2,1,0,1,1,0,0,0,0,1.3,1.3,0.1,1.3,11,8,36,0.12,0.0,0.12,0.12,0.12,0.15,0.01,0.16,0.15,0.16,-0.3,-0.1
117,118,Diogo Dalot,POR,DF,Manchester Utd,25,1999,33,31,2814,31.3,0,3,3,0,0,0,5,0,2.0,2.0,2.0,4.1,62,103,168,0.0,0.1,0.1,0.0,0.1,0.07,0.07,0.13,0.07,0.13,-2.0,1.0
118,119,Mikkel Damsgaard,DEN,"MF,FW",Brentford,24,2000,38,34,2911,32.3,2,10,12,2,0,0,2,0,2.8,2.8,8.4,11.2,73,234,137,0.06,0.31,0.37,0.06,0.37,0.09,0.26,0.35,0.09,0.35,-0.8,1.6
119,120,Danilo,BRA,"MF,FW",Nott'ham Forest,23,2001,8,5,275,3.1,0,0,0,0,0,0,0,0,0.0,0.0,0.0,0.0,2,11,1,0.0,0.0,0.0,0.0,0.0,0.0,0.0,0.0,0.0,0.0,0.0,0.0
120,121,Jayden Danns,ENG,MF,Liverpool,18,2006,1,0,11,0.1,0,0,0,0,0,0,0,0,0.0,0.0,0.0,0.0,0,0,0,0.0,0.0,0.0,0.0,0.0,0.0,0.0,0.0,0.0,0.0,0.0,0.0
121,122,Kevin Danso,AUT,DF,Tottenham,25,1998,10,9,842,9.4,0,0,0,0,0,0,0,0,0.4,0.4,0.1,0.5,11,19,1,0.0,0.0,0.0,0.0,0.0,0.04,0.01,0.05,0.04,0.05,-0.4,-0.1
122,123,Ben Davies,WAL,DF,Tottenham,31,1993,17,14,1331,14.8,0,0,0,0,0,0,5,0,0.3,0.3,0.2,0.5,14,52,6,0.0,0.0,0.0,0.0,0.0,0.02,0.01,0.03,0.02,0.03,-0.3,-0.2
123,124,Leif Davis,ENG,DF,Ipswich Town,24,2000,33,32,2743,30.5,1,2,3,1,0,0,5,1,1.0,1.0,4.9,5.8,52,59,137,0.03,0.07,0.1,0.03,0.1,0.03,0.16,0.19,0.03,0.19,0.0,-2.9
124,125,Craig Dawson,ENG,DF,Wolves,34,1990,15,10,971,10.8,0,0,0,0,0,0,2,0,0.5,0.5,0.0,0.5,6,20,5,0.0,0.0,0.0,0.0,0.0,0.05,0.0,0.05,0.05,0.05,-0.5,0.0
125,126,Kevin De Bruyne,BEL,"MF,FW",Manchester City,33,1991,28,19,1702,18.9,4,7,11,4,0,0,2,0,5.1,5.1,8.0,13.1,51,157,150,0.21,0.37,0.58,0.21,0.58,0.27,0.42,0.69,0.27,0.69,-1.1,-1.0
126,127,Bobby De Cordova-Reid,JAM,FW,Leicester City,31,1993,23,9,744,8.3,1,2,3,1,0,0,2,0,0.8,0.8,1.2,2.0,14,15,48,0.12,0.24,0.36,0.12,0.36,0.1,0.15,0.24,0.1,0.24,0.2,0.8
127,128,Liam Delap,ENG,FW,Ipswich Town,21,2003,37,32,2593,28.8,12,2,14,10,2,2,12,0,9.3,7.8,1.9,9.7,61,30,110,0.42,0.07,0.49,0.35,0.42,0.32,0.07,0.39,0.27,0.34,2.7,0.1
128,129,Sepp van den Berg,NED,DF,Brentford,22,2001,31,29,2586,28.7,0,0,0,0,0,0,3,0,2.0,2.0,0.8,2.8,12,79,28,0.0,0.0,0.0,0.0,0.0,0.07,0.03,0.1,0.07,0.1,-2.0,-0.8
129,130,Justin Devenny,NIR,MF,Crystal Palace,20,2003,23,4,507,5.6,1,1,2,1,0,0,1,0,0.8,0.8,0.6,1.4,5,21,13,0.18,0.18,0.36,0.18,0.36,0.14,0.11,0.25,0.14,0.25,0.2,0.4
130,131,Kiernan Dewsbury-Hall,ENG,"MF,FW",Chelsea,25,1998,13,2,264,2.9,0,1,1,0,0,0,0,0,0.2,0.2,1.1,1.3,5,14,11,0.0,0.34,0.34,0.0,0.34,0.08,0.36,0.44,0.08,0.44,-0.2,-0.1
131,132,Amad Diallo,CIV,"MF,FW",Manchester Utd,22,2002,26,20,1901,21.1,8,6,14,8,0,0,5,0,4.7,4.7,4.9,9.6,109,60,200,0.38,0.28,0.66,0.38,0.66,0.22,0.23,0.45,0.22,0.45,3.3,1.1
132,133,Rúben Dias,POR,DF,Manchester City,27,1997,27,25,2271,25.2,0,0,0,0,0,0,4,0,1.5,1.5,0.3,1.8,43,160,8,0.0,0.0,0.0,0.0,0.0,0.06,0.01,0.07,0.06,0.07,-1.5,-0.3
133,134,Luis Díaz,COL,FW,Liverpool,27,1997,36,28,2399,26.7,13,5,18,13,0,0,2,0,12.0,12.0,5.0,17.1,108,110,293,0.49,0.19,0.68,0.49,0.68,0.45,0.19,0.64,0.45,0.64,1.0,0.0
134,135,Tyler Dibling,ENG,"FW,MF",Southampton,18,2006,33,20,1874,20.8,2,0,2,2,0,0,6,0,2.5,2.5,1.5,4.1,69,64,96,0.1,0.0,0.1,0.1,0.1,0.12,0.07,0.2,0.12,0.2,-0.5,-1.5
135,136,Lucas Digne,FRA,DF,Aston Villa,31,1993,32,28,2351,26.1,0,4,4,0,0,0,4,0,0.8,0.8,4.7,5.5,23,57,142,0.0,0.15,0.15,0.0,0.15,0.03,0.18,0.21,0.03,0.21,-0.8,-0.7
136,137,Issa Diop,FRA,DF,Fulham,27,1997,21,15,1339,14.9,0,0,0,0,0,0,2,0,0.5,0.5,0.1,0.6,6,25,3,0.0,0.0,0.0,0.0,0.0,0.04,0.01,0.04,0.04,0.04,-0.5,-0.1
137,138,Axel Disasi,FRA,DF,Aston Villa,26,1998,7,5,490,5.4,0,0,0,0,0,0,2,0,0.1,0.1,0.4,0.5,10,16,5,0.0,0.0,0.0,0.0,0.0,0.02,0.07,0.09,0.02,0.09,-0.1,-0.4
138,139,Axel Disasi,FRA,DF,Chelsea,26,1998,6,4,364,4.0,1,0,1,1,0,0,1,0,0.3,0.3,0.1,0.4,6,16,2,0.25,0.0,0.25,0.25,0.25,0.07,0.02,0.09,0.07,0.09,0.7,-0.1
139,140,Roman Dixon,ENG,DF,Everton,19,2004,1,1,90,1.0,0,0,0,0,0,0,0,0,0.0,0.0,0.0,0.0,0,0,1,0.0,0.0,0.0,0.0,0.0,0.0,0.0,0.0,0.0,0.0,0.0,0.0
140,141,Nasser Djiga,BFA,DF,Wolves,21,2002,5,1,66,0.7,0,0,0,0,0,0,0,0,0.0,0.0,0.0,0.0,0,3,2,0.0,0.0,0.0,0.0,0.0,0.0,0.0,0.0,0.0,0.0,0.0,0.0
141,142,Matt Doherty,IRL,DF,Wolves,32,1992,30,25,2109,23.4,2,1,3,2,0,0,6,0,1.0,1.0,1.5,2.6,29,79,41,0.09,0.04,0.13,0.09,0.13,0.04,0.07,0.11,0.04,0.11,1.0,-0.5
142,143,Jeremy Doku,BEL,"FW,MF",Manchester City,22,2002,29,16,1516,16.8,3,6,9,3,0,0,1,0,1.3,1.3,4.8,6.1,213,69,286,0.18,0.36,0.53,0.18,0.53,0.08,0.29,0.36,0.08,0.36,1.7,1.2
143,144,Nicolás Domínguez,ARG,"MF,FW",Nott'ham Forest,26,1998,34,23,1963,21.8,0,1,1,0,0,0,9,0,1.5,1.5,1.3,2.8,16,83,33,0.0,0.05,0.05,0.0,0.05,0.07,0.06,0.13,0.07,0.13,-1.5,-0.3
144,145,Patrick Dorgu,DEN,DF,Manchester Utd,19,2004,12,10,842,9.4,0,0,0,0,0,0,3,1,0.4,0.4,0.7,1.2,41,34,83,0.0,0.0,0.0,0.0,0.0,0.05,0.08,0.12,0.05,0.12,-0.4,-0.7
145,146,Alfie Dorrington,ENG,DF,Tottenham,19,2005,1,0,14,0.2,0,0,0,0,0,0,0,0,0.0,0.0,0.0,0.0,0,0,0,0.0,0.0,0.0,0.0,0.0,0.0,0.0,0.0,0.0,0.0,0.0,0.0
146,147,Abdoulaye Doucouré,MLI,MF,Everton,31,1993,33,31,2564,28.5,3,2,5,3,0,0,5,1,4.1,4.1,2.4,6.6,42,82,96,0.11,0.07,0.18,0.11,0.18,0.15,0.09,0.23,0.15,0.23,-1.1,-0.4
147,148,Cheick Doucouré,MLI,MF,Crystal Palace,24,2000,13,4,452,5.0,0,0,0,0,0,0,1,0,0.4,0.4,0.0,0.4,2,19,7,0.0,0.0,0.0,0.0,0.0,0.08,0.0,0.08,0.08,0.08,-0.4,0.0
148,149,Flynn Downes,ENG,MF,Southampton,25,1999,27,25,2151,23.9,1,0,1,1,0,0,12,0,0.6,0.6,1.1,1.7,29,66,29,0.04,0.0,0.04,0.04,0.04,0.03,0.05,0.07,0.03,0.07,0.4,-1.1
149,150,Tommy Doyle,ENG,MF,Wolves,22,2001,24,3,488,5.4,0,1,1,0,0,0,1,0,0.6,0.6,0.5,1.1,6,40,4,0.0,0.18,0.18,0.0,0.18,0.1,0.09,0.2,0.1,0.2,-0.6,0.5
150,151,Radu Drăgușin,ROU,DF,Tottenham,22,2002,16,14,1252,13.9,0,0,0,0,0,0,1,0,0.1,0.1,0.4,0.5,7,37,2,0.0,0.0,0.0,0.0,0.0,0.01,0.03,0.04,0.01,0.04,-0.1,-0.4
151,152,Martin Dúbravka,SVK,GK,Newcastle Utd,35,1989,10,10,900,10.0,0,0,0,0,0,0,0,0,0.0,0.0,0.0,0.0,0,0,0,0.0,0.0,0.0,0.0,0.0,0.0,0.0,0.0,0.0,0.0,0.0,0.0
152,153,Lewis Dunk,ENG,DF,Brighton,32,1991,25,23,2083,23.1,0,0,0,0,0,0,5,0,0.8,0.8,0.5,1.3,20,142,3,0.0,0.0,0.0,0.0,0.0,0.03,0.02,0.06,0.03,0.06,-0.8,-0.5
153,154,Jáder Durán,COL,FW,Aston Villa,20,2003,20,4,638,7.1,7,0,7,7,0,0,3,1,4.9,4.9,0.2,5.1,7,13,44,0.99,0.0,0.99,0.99,0.99,0.69,0.03,0.71,0.69,0.71,2.1,-0.2
154,155,Claudio Echeverri,ARG,FW,Manchester City,18,2006,1,0,6,0.1,0,0,0,0,0,0,0,0,0.0,0.0,0.0,0.0,0,1,1,0.0,0.0,0.0,0.0,0.0,0.0,0.0,0.0,0.0,0.0,0.0,0.0
155,156,Ederson,BRA,GK,Manchester City,30,1993,26,26,2320,25.8,0,4,4,0,0,0,4,0,0.0,0.0,1.5,1.5,0,2,0,0.0,0.16,0.16,0.0,0.16,0.0,0.06,0.06,0.0,0.06,0.0,2.5
156,157,George Edmundson,ENG,DF,Ipswich Town,26,1997,1,0,2,0.0,0,0,0,0,0,0,0,0,0.0,0.0,0.0,0.0,0,0,0,0.0,0.0,0.0,0.0,0.0,0.0,0.0,0.0,0.0,0.0,0.0,0.0
157,158,Odsonne Édouard,FRA,"MF,FW",Crystal Palace,26,1998,2,1,115,1.3,0,0,0,0,0,0,0,0,0.4,0.4,0.0,0.4,3,4,7,0.0,0.0,0.0,0.0,0.0,0.31,0.04,0.34,0.31,0.34,-0.4,0.0
158,159,Odsonne Édouard,FRA,FW,Leicester City,26,1998,4,0,29,0.3,0,0,0,0,0,0,0,0,0.0,0.0,0.0,0.0,0,1,2,0.0,0.0,0.0,0.0,0.0,0.0,0.13,0.13,0.0,0.13,0.0,0.0
159,160,Samuel Edozie,ENG,"DF,FW",Southampton,21,2003,2,0,65,0.7,0,0,0,0,0,0,1,0,0.0,0.0,0.1,0.1,6,4,23,0.0,0.0,0.0,0.0,0.0,0.0,0.14,0.14,0.0,0.14,0.0,-0.1
160,161,Ronnie Edwards,ENG,DF,Southampton,21,2003,1,0,12,0.1,0,0,0,0,0,0,0,0,0.0,0.0,0.0,0.0,0,0,0,0.0,0.0,0.0,0.0,0.0,0.0,0.0,0.0,0.0,0.0,0.0,0.0
161,162,Anthony Elanga,SWE,"FW,MF",Nott'ham Forest,22,2002,38,31,2501,27.8,6,11,17,6,0,0,1,0,4.5,4.5,5.7,10.1,102,63,229,0.22,0.4,0.61,0.22,0.61,0.16,0.2,0.36,0.16,0.36,1.5,5.3
162,163,Harvey Elliott,ENG,MF,Liverpool,21,2003,18,2,371,4.1,1,2,3,1,0,0,1,0,1.8,1.8,1.1,2.8,10,44,30,0.24,0.49,0.73,0.24,0.73,0.43,0.26,0.69,0.43,0.69,-0.8,0.9
163,164,Yunus Emre Konak,TUR,"FW,MF",Brentford,18,2006,10,0,42,0.5,0,0,0,0,0,0,0,0,0.2,0.2,0.0,0.2,1,2,2,0.0,0.0,0.0,0.0,0.0,0.33,0.0,0.33,0.33,0.33,-0.2,0.0
164,165,Julio Enciso,PAR,"MF,FW",Ipswich Town,20,2004,13,12,869,9.7,2,3,5,2,0,0,3,0,1.7,1.7,1.4,3.1,23,28,44,0.21,0.31,0.52,0.21,0.52,0.18,0.14,0.32,0.18,0.32,0.3,1.6
165,166,Julio Enciso,PAR,"MF,FW",Brighton,20,2004,12,2,294,3.3,0,0,0,0,0,0,0,0,1.0,1.0,0.2,1.2,11,14,17,0.0,0.0,0.0,0.0,0.0,0.31,0.07,0.38,0.31,0.38,-1.0,-0.2
166,167,Wataru Endo,JPN,"MF,DF",Liverpool,31,1993,20,1,273,3.0,0,0,0,0,0,0,0,0,0.0,0.0,0.1,0.1,1,19,8,0.0,0.0,0.0,0.0,0.0,0.0,0.02,0.02,0.0,0.02,0.0,-0.1
167,168,Christian Eriksen,DEN,MF,Manchester Utd,32,1992,23,11,1061,11.8,1,2,3,0,1,1,4,0,1.4,0.6,3.2,3.8,13,55,29,0.08,0.17,0.25,0.0,0.17,0.12,0.27,0.39,0.05,0.32,-0.4,-1.2
168,169,Romain Esse,ENG,MF,Crystal Palace,19,2005,7,1,138,1.5,1,1,2,1,0,0,0,0,0.3,0.3,0.4,0.7,1,7,14,0.65,0.65,1.3,0.65,1.3,0.21,0.27,0.48,0.21,0.48,0.7,0.6
169,170,Pervis Estupiñán,ECU,DF,Brighton,26,1998,30,26,2402,26.7,1,1,2,1,0,0,5,0,1.2,1.2,2.1,3.3,59,132,112,0.04,0.04,0.07,0.04,0.07,0.04,0.08,0.12,0.04,0.12,-0.2,-1.1
170,171,Evanilson,BRA,FW,Bournemouth,24,1999,31,28,2319,25.8,10,1,11,10,0,1,1,1,12.5,11.7,1.9,13.6,29,28,99,0.39,0.04,0.43,0.39,0.43,0.48,0.07,0.56,0.45,0.53,-2.5,-0.9
171,172,Jake Evans,ENG,FW,Leicester City,17,2008,4,0,24,0.3,0,0,0,0,0,0,0,0,0.0,0.0,0.0,0.0,0,0,1,0.0,0.0,0.0,0.0,0.0,0.0,0.0,0.0,0.0,0.0,0.0,0.0
172,173,Jonny Evans,NIR,DF,Manchester Utd,36,1988,7,3,315,3.5,0,0,0,0,0,0,1,0,0.1,0.1,0.0,0.1,3,10,3,0.0,0.0,0.0,0.0,0.0,0.04,0.0,0.04,0.04,0.04,-0.1,0.0
173,174,Eberechi Eze,ENG,"MF,FW",Crystal Palace,26,1998,34,31,2588,28.8,8,8,16,7,1,2,1,0,10.5,8.9,6.2,15.1,69,97,153,0.28,0.28,0.56,0.24,0.52,0.36,0.22,0.58,0.31,0.53,-2.5,1.8
174,175,Łukasz Fabiański,POL,GK,West Ham,39,1985,14,13,1160,12.9,0,0,0,0,0,0,2,0,0.0,0.0,0.0,0.0,0,0,0,0.0,0.0,0.0,0.0,0.0,0.0,0.0,0.0,0.0,0.0,0.0,0.0
175,176,Wout Faes,BEL,DF,Leicester City,26,1998,34,30,2815,31.3,1,0,1,1,0,0,4,0,1.5,1.5,0.1,1.6,12,86,1,0.03,0.0,0.03,0.03,0.03,0.05,0.0,0.05,0.05,0.05,-0.5,-0.1
176,177,Abdul Fatawu Issahaku,GHA,FW,Leicester City,20,2004,11,6,579,6.4,0,2,2,0,0,0,0,0,0.4,0.4,1.6,2.0,42,17,60,0.0,0.31,0.31,0.0,0.31,0.06,0.24,0.31,0.06,0.31,-0.4,0.4
177,178,João Félix,POR,"FW,MF",Chelsea,24,1999,12,3,369,4.1,1,1,2,1,0,0,2,0,2.2,2.2,1.0,3.2,21,26,30,0.24,0.24,0.49,0.24,0.49,0.54,0.23,0.78,0.54,0.78,-1.2,0.0
178,179,Evan Ferguson,IRL,FW,West Ham,19,2004,8,1,156,1.7,0,0,0,0,0,0,0,0,0.6,0.6,0.3,0.9,1,1,7,0.0,0.0,0.0,0.0,0.0,0.32,0.17,0.5,0.32,0.5,-0.6,-0.3
179,180,Evan Ferguson,IRL,FW,Brighton,19,2004,13,2,246,2.7,1,0,1,1,0,0,0,0,0.5,0.5,0.4,1.0,2,1,9,0.37,0.0,0.37,0.37,0.37,0.2,0.15,0.35,0.2,0.35,0.5,-0.4
180,181,Bruno Fernandes,POR,MF,Manchester Utd,29,1994,36,35,3018,33.5,8,10,18,5,3,3,5,2,9.9,7.6,8.5,16.1,77,325,129,0.24,0.3,0.54,0.15,0.45,0.3,0.25,0.55,0.23,0.48,-1.9,1.5
181,182,Mateus Fernandes,POR,MF,Southampton,20,2004,36,34,2909,32.3,2,4,6,2,0,0,8,0,4.0,4.0,3.0,7.0,76,145,108,0.06,0.12,0.19,0.06,0.19,0.12,0.09,0.22,0.12,0.22,-2.0,1.0
182,183,Enzo Fernández,ARG,MF,Chelsea,23,2001,36,32,2947,32.7,6,7,13,6,0,0,8,0,6.1,6.1,6.8,12.9,60,212,126,0.18,0.21,0.4,0.18,0.4,0.19,0.21,0.39,0.19,0.39,-0.1,0.2
183,184,Mark Flekken,NED,GK,Brentford,31,1993,37,37,3275,36.4,0,2,2,0,0,0,1,0,0.0,0.0,0.5,0.5,0,0,0,0.0,0.05,0.05,0.0,0.05,0.0,0.01,0.01,0.0,0.01,0.0,1.5
184,185,Phil Foden,ENG,"MF,FW",Manchester City,24,2000,28,20,1777,19.7,7,2,9,7,0,0,2,0,5.2,5.2,4.8,9.9,50,103,128,0.35,0.1,0.46,0.35,0.46,0.26,0.24,0.5,0.26,0.5,1.8,-2.8
185,186,Wesley Fofana,FRA,DF,Chelsea,23,2000,14,14,1172,13.0,0,0,0,0,0,0,7,0,0.4,0.4,0.4,0.8,19,32,4,0.0,0.0,0.0,0.0,0.0,0.03,0.03,0.07,0.03,0.06,-0.4,-0.4
186,187,Carlos Forbs,POR,"MF,FW",Wolves,20,2004,10,1,239,2.7,0,0,0,0,0,0,2,0,0.1,0.1,0.0,0.2,10,8,28,0.0,0.0,0.0,0.0,0.0,0.05,0.01,0.07,0.05,0.07,-0.1,0.0
187,188,Fraser Forster,ENG,GK,Tottenham,36,1988,7,7,630,7.0,0,0,0,0,0,0,0,0,0.0,0.0,0.0,0.0,0,0,0,0.0,0.0,0.0,0.0,0.0,0.0,0.0,0.0,0.0,0.0,0.0,0.0
188,189,Matheus França,BRA,"MF,FW",Crystal Palace,20,2004,4,0,55,0.6,1,0,1,1,0,0,0,0,0.3,0.3,0.0,0.3,4,3,4,1.64,0.0,1.64,1.64,1.64,0.42,0.0,0.42,0.42,0.42,0.7,0.0
189,190,Ryan Fraser,SCO,"FW,DF",Southampton,30,1994,8,4,306,3.4,0,0,0,0,0,0,0,1,0.0,0.0,0.1,0.1,10,8,18,0.0,0.0,0.0,0.0,0.0,0.01,0.03,0.04,0.01,0.04,0.0,-0.1
190,191,Tyler Fredricson,ENG,DF,Manchester Utd,19,2005,2,2,165,1.8,0,0,0,0,0,0,0,0,0.0,0.0,0.0,0.0,2,8,0,0.0,0.0,0.0,0.0,0.0,0.0,0.0,0.0,0.0,0.0,0.0,0.0
191,192,Niclas Füllkrug,GER,FW,West Ham,31,1993,18,6,790,8.8,3,2,5,3,0,0,2,0,2.2,2.2,1.9,4.1,7,14,31,0.34,0.23,0.57,0.34,0.57,0.25,0.22,0.46,0.25,0.46,0.8,0.1
192,193,Cody Gakpo,NED,FW,Liverpool,25,1999,35,23,1935,21.5,10,4,14,10,0,0,5,0,7.1,7.1,4.4,11.5,59,52,278,0.47,0.19,0.65,0.47,0.65,0.33,0.2,0.53,0.33,0.53,2.9,-0.4
193,194,Idrissa Gana Gueye,SEN,MF,Everton,34,1989,37,35,3063,34.0,0,3,3,0,0,0,9,0,1.1,1.1,1.7,2.8,27,145,27,0.0,0.09,0.09,0.0,0.09,0.03,0.05,0.08,0.03,0.08,-1.1,1.3
194,195,Andrés García,ESP,"DF,MF",Aston Villa,21,2003,7,5,318,3.5,0,0,0,0,0,0,0,0,0.0,0.0,0.2,0.2,26,15,28,0.0,0.0,0.0,0.0,0.0,0.01,0.05,0.06,0.01,0.06,0.0,-0.2
195,196,Alejandro Garnacho,ARG,"MF,FW",Manchester Utd,20,2004,36,23,2199,24.4,6,2,8,6,0,0,3,0,7.3,7.3,4.5,11.8,141,56,290,0.25,0.08,0.33,0.25,0.33,0.3,0.19,0.48,0.3,0.48,-1.3,-2.5
196,197,James Garner,ENG,"MF,DF",Everton,23,2001,21,17,1594,17.7,0,1,1,0,0,0,5,0,0.7,0.7,1.4,2.1,15,50,30,0.0,0.06,0.06,0.0,0.06,0.04,0.08,0.12,0.04,0.12,-0.7,-0.4
197,198,Tyrique George,ENG,FW,Chelsea,18,2006,8,1,183,2.0,1,1,2,1,0,0,1,0,0.2,0.2,0.7,0.9,9,3,22,0.49,0.49,0.98,0.49,0.98,0.1,0.36,0.46,0.1,0.46,0.8,0.3
198,199,Morgan Gibbs-White,ENG,MF,Nott'ham Forest,24,2000,34,34,2803,31.1,7,8,15,7,0,0,11,1,6.3,6.3,5.0,11.2,69,164,136,0.22,0.26,0.48,0.22,0.48,0.2,0.16,0.36,0.2,0.36,0.7,3.0
199,200,Billy Gilmour,SCO,MF,Brighton,23,2001,2,1,98,1.1,0,0,0,0,0,0,0,0,0.1,0.1,0.0,0.1,2,11,2,0.0,0.0,0.0,0.0,0.0,0.07,0.0,0.07,0.07,0.07,-0.1,0.0
200,201,Ben Godfrey,ENG,DF,Ipswich Town,26,1998,3,2,159,1.8,0,0,0,0,0,0,1,0,0.0,0.0,0.0,0.0,2,4,1,0.0,0.0,0.0,0.0,0.0,0.0,0.0,0.0,0.0,0.0,0.0,0.0
201,202,Martial Godo,ENG,"FW,DF",Fulham,21,2003,2,0,24,0.3,0,0,0,0,0,0,0,0,0.0,0.0,0.1,0.1,2,3,6,0.0,0.0,0.0,0.0,0.0,0.0,0.21,0.21,0.0,0.21,0.0,-0.1
202,203,Michael Golding,ENG,MF,Leicester City,18,2006,1,0,1,0.0,0,0,0,0,0,0,0,0,0.0,0.0,0.0,0.0,0,0,0,0.0,0.0,0.0,0.0,0.0,0.0,0.0,0.0,0.0,0.0,0.0,0.0
203,204,João Gomes,BRA,MF,Wolves,23,2001,36,35,2974,33.0,3,1,4,3,0,0,11,1,2.9,2.9,1.2,4.1,59,165,76,0.09,0.03,0.12,0.09,0.12,0.09,0.04,0.12,0.09,0.12,0.1,-0.2
204,205,Rodrigo Gomes,POR,"DF,FW",Wolves,21,2003,25,7,810,9.0,2,0,2,2,0,0,0,0,0.7,0.7,0.9,1.6,23,27,81,0.22,0.0,0.22,0.22,0.22,0.08,0.1,0.18,0.08,0.18,1.3,-0.9
205,206,Toti Gomes,POR,DF,Wolves,25,1999,31,30,2614,29.0,0,1,1,0,0,0,7,0,0.7,0.7,0.9,1.7,27,86,18,0.0,0.03,0.03,0.0,0.03,0.03,0.03,0.06,0.03,0.06,-0.7,0.1
206,207,Diego Gómez,PAR,MF,Brighton,21,2003,16,4,516,5.7,1,0,1,1,0,0,0,0,0.9,0.9,0.7,1.6,8,27,23,0.17,0.0,0.17,0.17,0.17,0.15,0.13,0.28,0.15,0.28,0.1,-0.7
207,208,Joe Gomez,ENG,DF,Liverpool,27,1997,9,6,519,5.8,0,0,0,0,0,0,1,0,0.3,0.3,0.1,0.4,5,35,2,0.0,0.0,0.0,0.0,0.0,0.06,0.02,0.08,0.06,0.08,-0.3,-0.1
208,209,Nicolás González,ESP,MF,Manchester City,22,2002,11,9,760,8.4,1,0,1,1,0,0,3,0,0.5,0.5,0.1,0.5,9,50,11,0.12,0.0,0.12,0.12,0.12,0.06,0.01,0.06,0.06,0.06,0.5,-0.1
209,210,Anthony Gordon,ENG,"FW,MF",Newcastle Utd,23,2001,34,28,2434,27.0,6,5,11,5,1,2,2,0,8.0,6.5,5.0,11.4,121,98,214,0.22,0.18,0.41,0.18,0.37,0.3,0.18,0.48,0.24,0.42,-2.0,0.0
210,211,Ryan Gravenberch,NED,MF,Liverpool,22,2002,37,37,3160,35.1,0,4,4,0,0,0,6,1,1.1,1.1,3.1,4.2,70,181,55,0.0,0.11,0.11,0.0,0.11,0.03,0.09,0.12,0.03,0.12,-1.1,0.9
211,212,Archie Gray,ENG,"DF,MF",Tottenham,18,2006,28,19,1751,19.5,0,0,0,0,0,0,1,0,0.0,0.0,0.1,0.2,7,40,17,0.0,0.0,0.0,0.0,0.0,0.0,0.01,0.01,0.0,0.01,0.0,-0.1
212,213,Jack Grealish,ENG,"FW,MF",Manchester City,28,1995,20,7,721,8.0,1,1,2,1,0,0,3,0,1.1,1.1,1.8,3.0,69,52,118,0.12,0.12,0.25,0.12,0.25,0.14,0.23,0.37,0.14,0.37,-0.1,-0.8
213,214,Jacob Greaves,ENG,DF,Ipswich Town,23,2000,25,25,2205,24.5,1,0,1,1,0,0,5,0,1.3,1.3,0.3,1.6,11,69,11,0.04,0.0,0.04,0.04,0.04,0.05,0.01,0.06,0.05,0.06,-0.3,-0.3
214,215,Brajan Gruda,GER,"MF,FW",Brighton,20,2004,21,8,687,7.6,1,4,5,1,0,0,0,0,1.2,1.2,2.1,3.3,22,26,57,0.13,0.52,0.66,0.13,0.66,0.16,0.28,0.43,0.16,0.43,-0.2,1.9
215,216,Albert Grønbaek,DEN,"FW,MF",Southampton,23,2001,4,2,143,1.6,0,0,0,0,0,0,0,0,0.1,0.1,0.0,0.1,1,1,3,0.0,0.0,0.0,0.0,0.0,0.07,0.01,0.08,0.07,0.08,-0.1,0.0
216,217,Gonçalo Guedes,POR,"MF,FW",Wolves,27,1996,29,10,995,11.1,2,4,6,2,0,0,1,0,3.2,3.2,1.3,4.5,41,40,79,0.18,0.36,0.54,0.18,0.54,0.29,0.11,0.4,0.29,0.4,-1.2,2.7
217,218,Marc Guéhi,ENG,DF,Crystal Palace,24,2000,34,34,3059,34.0,3,2,5,3,0,0,9,1,2.0,2.0,1.8,3.7,22,134,10,0.09,0.06,0.15,0.09,0.15,0.06,0.05,0.11,0.06,0.11,1.0,0.2
218,219,Luis Guilherme,BRA,"MF,FW",West Ham,18,2006,12,1,150,1.7,0,0,0,0,0,0,0,0,0.4,0.4,0.1,0.5,4,5,16,0.0,0.0,0.0,0.0,0.0,0.25,0.05,0.3,0.25,0.3,-0.4,-0.1
219,220,Bruno Guimarães,BRA,MF,Newcastle Utd,26,1997,38,38,3271,36.3,5,6,11,5,0,0,7,0,4.3,4.3,6.1,10.4,64,271,96,0.14,0.17,0.3,0.14,0.3,0.12,0.17,0.29,0.12,0.29,0.7,-0.1
220,221,Marc Guiu,ESP,FW,Chelsea,18,2006,3,0,73,0.8,0,0,0,0,0,0,0,0,0.0,0.0,0.0,0.0,0,0,3,0.0,0.0,0.0,0.0,0.0,0.0,0.04,0.04,0.0,0.04,0.0,0.0
221,222,İlkay Gündoğan,GER,MF,Manchester City,33,1990,33,25,2223,24.7,1,6,7,1,0,0,1,0,3.2,3.2,3.5,6.7,64,127,96,0.04,0.24,0.28,0.04,0.28,0.13,0.14,0.27,0.13,0.27,-2.2,2.5
222,223,Malo Gusto,FRA,DF,Chelsea,21,2003,32,19,1862,20.7,0,1,1,0,0,0,4,0,1.7,1.7,1.4,3.1,50,119,85,0.0,0.05,0.05,0.0,0.05,0.08,0.07,0.15,0.08,0.15,-1.7,-0.4
223,224,Joško Gvardiol,CRO,DF,Manchester City,22,2002,37,36,3277,36.4,5,0,5,5,0,0,2,0,4.6,4.3,2.1,6.3,91,264,121,0.14,0.0,0.14,0.14,0.14,0.13,0.06,0.18,0.12,0.17,0.4,-2.1
224,225,Erling Haaland,NOR,FW,Manchester City,24,2000,31,31,2736,30.4,22,3,25,19,3,4,2,0,22.0,18.8,3.0,21.8,24,20,124,0.72,0.1,0.82,0.62,0.72,0.72,0.1,0.82,0.62,0.72,0.0,0.0
225,226,Lewis Hall,ENG,DF,Newcastle Utd,19,2004,27,24,2189,24.3,0,4,4,0,0,0,3,0,0.4,0.4,4.3,4.7,41,123,80,0.0,0.16,0.16,0.0,0.16,0.02,0.18,0.19,0.02,0.19,-0.4,-0.3
226,227,Ali Al Hamadi,IRQ,FW,Ipswich Town,22,2002,11,0,134,1.5,0,0,0,0,0,0,3,0,0.4,0.4,0.1,0.4,4,3,14,0.0,0.0,0.0,0.0,0.0,0.24,0.05,0.28,0.24,0.28,-0.4,-0.1
227,228,Marcus Harness,ENG,MF,Ipswich Town,28,1996,2,0,45,0.5,0,0,0,0,0,0,0,0,0.0,0.0,0.0,0.0,0,2,1,0.0,0.0,0.0,0.0,0.0,0.0,0.0,0.0,0.0,0.0,0.0,0.0
228,229,Jack Harrison,ENG,FW,Everton,27,1996,34,24,2076,23.1,1,0,1,1,0,0,0,0,3.5,3.5,3.7,7.2,73,51,127,0.04,0.0,0.04,0.04,0.04,0.15,0.16,0.31,0.15,0.31,-2.5,-3.7
229,230,Taylor Harwood-Bellis,ENG,DF,Southampton,22,2002,34,32,2825,31.4,1,0,1,1,0,0,9,0,1.8,1.8,1.0,2.8,29,125,9,0.03,0.0,0.03,0.03,0.03,0.06,0.03,0.09,0.06,0.09,-0.8,-1.0
230,231,Kai Havertz,GER,"FW,MF",Arsenal,25,1999,23,21,1875,20.8,9,3,12,9,0,0,5,0,9.5,9.5,2.4,12.0,35,61,113,0.43,0.14,0.58,0.43,0.58,0.46,0.12,0.57,0.46,0.57,-0.5,0.6
231,232,Ayden Heaven,ENG,DF,Manchester Utd,17,2006,4,2,170,1.9,0,0,0,0,0,0,1,0,0.1,0.1,0.0,0.2,1,7,1,0.0,0.0,0.0,0.0,0.0,0.07,0.01,0.08,0.07,0.08,-0.1,0.0
232,233,Jan Paul van Hecke,NED,DF,Brighton,24,2000,34,33,2958,32.9,1,1,2,1,0,0,8,1,1.3,1.3,1.5,2.8,55,228,5,0.03,0.03,0.06,0.03,0.06,0.04,0.05,0.09,0.04,0.09,-0.3,-0.5
233,234,Hwang Hee-chan,KOR,"MF,FW",Wolves,28,1996,21,5,661,7.3,2,0,2,2,0,0,0,0,0.8,0.8,0.1,0.9,15,12,42,0.27,0.0,0.27,0.27,0.27,0.11,0.02,0.13,0.11,0.13,1.2,-0.1
234,235,Dean Henderson,ENG,GK,Crystal Palace,27,1997,38,38,3420,38.0,0,0,0,0,0,0,3,0,0.0,0.0,0.2,0.2,0,0,0,0.0,0.0,0.0,0.0,0.0,0.0,0.0,0.0,0.0,0.0,0.0,-0.2
235,236,Rico Henry,ENG,DF,Brentford,27,1997,5,0,99,1.1,0,0,0,0,0,0,0,0,0.0,0.0,0.0,0.0,0,4,5,0.0,0.0,0.0,0.0,0.0,0.0,0.0,0.0,0.0,0.0,0.0,0.0
236,237,Mads Hermansen,DEN,GK,Leicester City,24,2000,27,27,2385,26.5,0,0,0,0,0,0,1,0,0.0,0.0,0.0,0.0,0,1,0,0.0,0.0,0.0,0.0,0.0,0.0,0.0,0.0,0.0,0.0,0.0,0.0
237,238,Son Heung-min,KOR,FW,Tottenham,32,1992,30,24,2110,23.4,7,9,16,6,1,2,1,0,7.2,5.7,8.2,13.9,96,111,265,0.3,0.38,0.68,0.26,0.64,0.31,0.35,0.66,0.24,0.59,-0.2,0.8
238,239,James Hill,ENG,DF,Bournemouth,22,2002,10,6,448,5.0,0,1,1,0,0,0,1,0,0.3,0.3,0.3,0.6,3,16,8,0.0,0.2,0.2,0.0,0.2,0.06,0.05,0.11,0.06,0.11,-0.3,0.7
239,240,Jack Hinshelwood,ENG,"MF,DF",Brighton,19,2005,26,22,1842,20.5,5,2,7,5,0,0,5,0,2.7,2.7,1.5,4.2,19,68,54,0.24,0.1,0.34,0.24,0.34,0.13,0.07,0.21,0.13,0.21,2.3,0.5
240,241,George Hirst,SCO,FW,Ipswich Town,25,1999,26,5,661,7.3,3,1,4,3,0,0,3,0,2.1,2.1,0.3,2.5,9,13,31,0.41,0.14,0.54,0.41,0.54,0.29,0.05,0.34,0.29,0.34,0.9,0.7
241,242,Mason Holgate,JAM,"FW,DF",Everton,27,1996,1,0,6,0.1,0,0,0,0,0,0,0,0,0.0,0.0,0.0,0.0,0,0,0,0.0,0.0,0.0,0.0,0.0,0.0,0.0,0.0,0.0,0.0,0.0,0.0
242,243,Harry Howell,ENG,FW,Brighton,15,2008,1,0,7,0.1,0,0,0,0,0,0,0,0,0.0,0.0,0.0,0.0,0,0,3,0.0,0.0,0.0,0.0,0.0,0.0,0.0,0.0,0.0,0.0,0.0,0.0
243,244,Callum Hudson-Odoi,ENG,"FW,MF",Nott'ham Forest,23,2000,31,25,2194,24.4,5,2,7,5,0,0,2,0,2.5,2.5,2.7,5.2,130,71,189,0.21,0.08,0.29,0.21,0.29,0.1,0.11,0.21,0.1,0.21,2.5,-0.7
244,245,Will Hughes,ENG,MF,Crystal Palace,29,1995,33,24,2108,23.4,0,3,3,0,0,0,11,0,1.1,1.1,3.1,4.2,20,87,27,0.0,0.13,0.13,0.0,0.13,0.05,0.13,0.18,0.05,0.18,-1.1,-0.1
245,246,Dean Huijsen,ESP,DF,Bournemouth,19,2005,32,26,2427,27.0,3,2,5,3,0,0,10,0,1.9,1.9,2.0,3.9,41,132,10,0.11,0.07,0.19,0.11,0.19,0.07,0.08,0.14,0.07,0.14,1.1,0.0
246,247,Omari Hutchinson,ENG,"MF,FW",Ipswich Town,20,2003,31,30,2583,28.7,3,2,5,3,0,0,5,0,2.9,2.9,3.5,6.4,97,75,159,0.1,0.07,0.17,0.1,0.17,0.1,0.12,0.22,0.1,0.22,0.1,-1.5
247,248,Rasmus Højlund,DEN,FW,Manchester Utd,21,2003,32,23,2004,22.3,4,0,4,4,0,0,2,0,5.3,5.3,1.8,7.1,28,18,101,0.18,0.0,0.18,0.18,0.18,0.24,0.08,0.32,0.24,0.32,-1.3,-1.8
248,249,Igor,BRA,DF,Brighton,26,1998,13,10,961,10.7,0,0,0,0,0,0,4,0,0.0,0.0,0.2,0.2,9,49,1,0.0,0.0,0.0,0.0,0.0,0.0,0.02,0.02,0.0,0.02,0.0,-0.2
249,250,Danny Ings,ENG,"FW,MF",West Ham,32,1992,15,1,284,3.2,1,2,3,1,0,0,0,0,2.3,2.3,1.3,3.5,6,5,29,0.32,0.63,0.95,0.32,0.95,0.72,0.41,1.12,0.72,1.12,-1.3,0.7
250,251,Tim Iroegbunam,ENG,MF,Everton,21,2003,18,5,574,6.4,0,1,1,0,0,0,4,0,0.2,0.2,0.2,0.4,8,15,9,0.0,0.16,0.16,0.0,0.16,0.04,0.03,0.07,0.04,0.07,-0.2,0.8
251,252,Andy Irving,SCO,MF,West Ham,24,2000,10,1,166,1.8,0,0,0,0,0,0,2,0,0.1,0.1,0.2,0.4,0,9,4,0.0,0.0,0.0,0.0,0.0,0.06,0.13,0.19,0.06,0.19,-0.1,-0.2
252,253,Alexander Isak,SWE,FW,Newcastle Utd,24,1999,34,34,2756,30.6,23,6,29,19,4,4,1,0,20.3,17.2,4.3,21.6,83,88,217,0.75,0.2,0.95,0.62,0.82,0.66,0.14,0.81,0.56,0.7,2.7,1.7
253,254,Alex Iwobi,NGA,"FW,MF",Fulham,28,1996,38,35,2981,33.1,9,6,15,9,0,0,1,0,4.7,4.7,7.0,11.8,144,213,246,0.27,0.18,0.45,0.27,0.45,0.14,0.21,0.36,0.14,0.36,4.3,-1.0
254,255,Nicolas Jackson,SEN,FW,Chelsea,23,2001,30,28,2220,24.7,10,5,15,10,0,0,7,1,12.3,12.3,4.3,16.6,47,38,129,0.41,0.2,0.61,0.41,0.61,0.5,0.17,0.67,0.5,0.67,-2.3,0.7
255,256,Reece James,ENG,"DF,MF",Chelsea,24,1999,19,12,1063,11.8,1,1,2,1,0,0,1,0,0.4,0.4,0.7,1.1,7,64,12,0.08,0.08,0.17,0.08,0.17,0.04,0.06,0.1,0.04,0.1,0.6,0.3
256,257,Vitaly Janelt,GER,MF,Brentford,26,1998,32,27,2254,25.0,1,3,4,1,0,0,3,0,0.8,0.8,2.2,3.0,17,80,38,0.04,0.12,0.16,0.04,0.16,0.03,0.09,0.12,0.03,0.12,0.2,0.8
257,258,Vitezslav Jaros,CZE,GK,Liverpool,23,2001,1,0,12,0.1,0,0,0,0,0,0,0,0,0.0,0.0,0.0,0.0,0,0,0,0.0,0.0,0.0,0.0,0.0,0.0,0.0,0.0,0.0,0.0,0.0,0.0
258,259,Daniel Jebbison,CAN,FW,Bournemouth,20,2003,16,0,119,1.3,1,0,1,1,0,0,1,0,1.0,1.0,0.2,1.2,4,3,16,0.76,0.0,0.76,0.76,0.76,0.75,0.15,0.9,0.75,0.9,0.0,-0.2
259,260,Mathias Jensen,DEN,MF,Brentford,28,1996,24,8,862,9.6,0,2,2,0,0,0,2,0,0.2,0.2,1.7,1.9,6,61,27,0.0,0.21,0.21,0.0,0.21,0.03,0.17,0.2,0.03,0.2,-0.2,0.3
260,261,Gabriel Jesus,BRA,FW,Arsenal,27,1997,17,6,608,6.8,3,0,3,3,0,0,4,0,3.0,3.0,0.7,3.7,15,19,57,0.44,0.0,0.44,0.44,0.44,0.44,0.1,0.54,0.44,0.54,0.0,-0.7
261,262,Raúl Jiménez,MEX,FW,Fulham,33,1991,38,30,2494,27.7,12,3,15,9,3,3,4,0,12.0,9.6,3.3,12.9,35,62,125,0.43,0.11,0.54,0.32,0.43,0.43,0.12,0.55,0.35,0.47,0.0,-0.3
262,263,Kim Jisoo,KOR,DF,Brentford,19,2004,3,0,30,0.3,0,0,0,0,0,0,0,0,0.0,0.0,0.0,0.0,0,2,0,0.0,0.0,0.0,0.0,0.0,0.0,0.0,0.0,0.0,0.0,0.0,0.0
263,264,João Pedro,BRA,"FW,MF",Brighton,22,2001,27,23,1948,21.6,10,6,16,5,5,5,4,1,8.9,5.0,5.0,10.0,66,78,128,0.46,0.28,0.74,0.23,0.51,0.41,0.23,0.64,0.23,0.46,1.1,1.0
264,265,Joelinton,BRA,"MF,FW",Newcastle Utd,27,1996,29,29,2393,26.6,4,3,7,4,0,0,10,0,3.9,3.9,2.5,6.4,40,116,110,0.15,0.11,0.26,0.15,0.26,0.15,0.09,0.24,0.15,0.24,0.1,0.5
265,266,Ben Johnson,ENG,"DF,FW",Ipswich Town,24,2000,23,14,1354,15.0,1,2,3,1,0,0,5,1,1.1,1.1,1.3,2.3,16,27,33,0.07,0.13,0.2,0.07,0.2,0.07,0.09,0.16,0.07,0.16,-0.1,0.7
266,267,Brennan Johnson,WAL,FW,Tottenham,23,2001,33,24,2177,24.2,11,3,14,11,0,0,5,0,10.4,10.4,2.3,12.7,60,71,197,0.45,0.12,0.58,0.45,0.58,0.43,0.09,0.52,0.43,0.52,0.6,0.7
267,268,Sam Johnstone,ENG,GK,Wolves,31,1993,7,7,630,7.0,0,0,0,0,0,0,0,0,0.0,0.0,0.0,0.0,0,0,0,0.0,0.0,0.0,0.0,0.0,0.0,0.0,0.0,0.0,0.0,0.0,0.0
268,269,Curtis Jones,ENG,"MF,DF",Liverpool,23,2001,33,19,1712,19.0,3,3,6,3,0,0,3,1,4.3,4.3,1.1,5.4,30,117,79,0.16,0.16,0.32,0.16,0.32,0.23,0.06,0.29,0.23,0.29,-1.3,1.9
269,270,Jorginho,ITA,MF,Arsenal,32,1991,15,9,704,7.8,0,0,0,0,0,0,5,0,0.1,0.1,0.4,0.5,12,48,6,0.0,0.0,0.0,0.0,0.0,0.01,0.05,0.06,0.01,0.06,-0.1,-0.4
270,271,Diogo Jota,POR,FW,Liverpool,27,1996,26,14,1196,13.3,6,3,9,6,0,0,2,0,7.9,7.9,1.8,9.8,37,34,88,0.45,0.23,0.68,0.45,0.68,0.6,0.14,0.74,0.6,0.74,-1.9,1.2
271,272,James Justin,ENG,DF,Leicester City,26,1998,36,34,2912,32.4,2,2,4,2,0,0,6,0,1.5,1.5,0.8,2.3,39,91,96,0.06,0.06,0.12,0.06,0.12,0.05,0.03,0.07,0.05,0.07,0.5,1.2
272,273,Filip Jørgensen,DEN,GK,Chelsea,22,2002,6,6,540,6.0,0,0,0,0,0,0,0,0,0.0,0.0,0.0,0.0,0,0,0,0.0,0.0,0.0,0.0,0.0,0.0,0.0,0.0,0.0,0.0,0.0,0.0
273,274,Ferdi Kadioglu,TUR,"DF,MF",Brighton,24,1999,6,5,385,4.3,1,0,1,1,0,0,1,0,0.4,0.4,0.2,0.6,1,15,27,0.23,0.0,0.23,0.23,0.23,0.1,0.04,0.14,0.1,0.14,0.6,-0.2
274,275,Daichi Kamada,JPN,MF,Crystal Palace,27,1996,34,15,1564,17.4,0,0,0,0,0,0,4,1,1.1,1.1,1.9,3.0,25,89,56,0.0,0.0,0.0,0.0,0.0,0.06,0.11,0.17,0.06,0.17,-1.1,-1.9
275,276,Boubacar Kamara,FRA,MF,Aston Villa,24,1999,26,20,1726,19.2,1,0,1,1,0,0,2,0,0.8,0.8,0.9,1.7,19,85,7,0.05,0.0,0.05,0.05,0.05,0.04,0.05,0.09,0.04,0.09,0.2,-0.9
276,277,Joachim Kayi Sanda,FRA,DF,Southampton,17,2006,2,0,14,0.2,0,0,0,0,0,0,0,0,0.0,0.0,0.0,0.0,0,1,0,0.0,0.0,0.0,0.0,0.0,0.0,0.0,0.0,0.0,0.0,0.0,0.0
277,278,Michael Kayode,ITA,DF,Brentford,20,2004,12,6,528,5.9,0,1,1,0,0,0,2,0,0.2,0.2,1.2,1.5,12,12,24,0.0,0.17,0.17,0.0,0.17,0.04,0.21,0.25,0.04,0.25,-0.2,-0.2
278,279,Michael Keane,ENG,DF,Everton,31,1993,14,11,1049,11.7,3,0,3,3,0,0,5,0,0.6,0.6,0.1,0.7,1,14,3,0.26,0.0,0.26,0.26,0.26,0.05,0.01,0.06,0.05,0.06,2.4,-0.1
279,280,Caoimhín Kelleher,IRL,GK,Liverpool,25,1998,10,10,900,10.0,0,0,0,0,0,0,0,0,0.0,0.0,0.0,0.0,0,0,0,0.0,0.0,0.0,0.0,0.0,0.0,0.0,0.0,0.0,0.0,0.0,0.0
280,281,Lloyd Kelly,ENG,DF,Newcastle Utd,25,1998,10,4,303,3.4,0,1,1,0,0,0,2,0,0.4,0.4,0.5,0.9,0,9,5,0.0,0.3,0.3,0.0,0.3,0.12,0.14,0.26,0.12,0.26,-0.4,0.5
281,282,Milos Kerkez,HUN,DF,Bournemouth,20,2003,38,38,3336,37.1,2,5,7,2,0,0,4,0,0.6,0.5,3.9,4.4,106,159,197,0.05,0.13,0.19,0.05,0.19,0.02,0.1,0.12,0.01,0.12,1.4,1.1
282,283,Bilal El Khannouss,MAR,"MF,FW",Leicester City,20,2004,32,27,2182,24.2,2,3,5,2,0,0,4,0,1.3,1.3,4.6,5.8,73,128,89,0.08,0.12,0.21,0.08,0.21,0.05,0.19,0.24,0.05,0.24,0.7,-1.6
283,284,Abdukodir Khusanov,UZB,DF,Manchester City,20,2004,6,6,503,5.6,0,0,0,0,0,0,1,0,0.0,0.0,0.1,0.1,1,25,2,0.0,0.0,0.0,0.0,0.0,0.0,0.02,0.02,0.0,0.02,0.0,-0.1
284,285,Max Kilman,ENG,DF,West Ham,27,1997,38,38,3348,37.2,0,1,1,0,0,0,5,0,1.6,1.6,1.2,2.8,31,113,6,0.0,0.03,0.03,0.0,0.03,0.04,0.03,0.08,0.04,0.08,-1.6,-0.2
285,286,Joshua King,ENG,MF,Fulham,17,2007,8,1,130,1.4,0,0,0,0,0,0,0,0,0.3,0.3,0.4,0.7,3,9,16,0.0,0.0,0.0,0.0,0.0,0.22,0.3,0.51,0.22,0.51,-0.3,-0.4
286,287,Tom King,WAL,GK,Wolves,29,1995,1,0,1,0.0,0,0,0,0,0,0,0,0,0.0,0.0,0.0,0.0,0,0,0,0.0,0.0,0.0,0.0,0.0,0.0,0.0,0.0,0.0,0.0,0.0,0.0
287,288,Antonín Kinský,CZE,GK,Tottenham,21,2003,6,6,540,6.0,0,0,0,0,0,0,0,0,0.0,0.0,0.1,0.1,1,1,0,0.0,0.0,0.0,0.0,0.0,0.0,0.01,0.01,0.0,0.01,0.0,-0.1
288,289,Jakub Kiwior,POL,DF,Arsenal,24,2000,17,10,1122,12.5,1,0,1,1,0,0,1,0,0.2,0.2,0.3,0.5,5,48,1,0.08,0.0,0.08,0.08,0.08,0.01,0.03,0.04,0.01,0.04,0.8,-0.3
289,290,Justin Kluivert,NED,MF,Bournemouth,25,1999,34,29,2340,26.0,12,6,18,6,6,6,8,0,10.3,5.6,4.8,10.5,81,105,173,0.46,0.23,0.69,0.23,0.46,0.4,0.19,0.58,0.22,0.4,1.7,1.2
290,291,Ibrahima Konaté,FRA,DF,Liverpool,25,1999,31,30,2560,28.4,1,2,3,1,0,0,5,0,1.7,1.7,1.0,2.7,25,115,3,0.04,0.07,0.11,0.04,0.11,0.06,0.03,0.1,0.06,0.1,-0.7,1.0
291,292,Ezri Konsa,ENG,DF,Aston Villa,26,1997,34,33,2936,32.6,2,0,2,2,0,0,1,0,1.3,1.3,0.4,1.7,24,90,11,0.06,0.0,0.06,0.06,0.06,0.04,0.01,0.05,0.04,0.05,0.7,-0.4
292,293,Mateo Kovačić,CRO,MF,Manchester City,30,1994,31,25,2198,24.4,6,2,8,6,0,0,5,1,1.9,1.9,3.6,5.5,56,164,16,0.25,0.08,0.33,0.25,0.33,0.08,0.15,0.23,0.08,0.23,4.1,-1.6
293,294,Caleb Kporha,ENG,DF,Crystal Palace,18,2006,2,0,13,0.1,0,0,0,0,0,0,0,0,0.0,0.0,0.0,0.0,1,0,0,0.0,0.0,0.0,0.0,0.0,0.0,0.0,0.0,0.0,0.0,0.0,0.0
294,295,Emil Krafth,SWE,DF,Newcastle Utd,29,1994,12,2,342,3.8,0,0,0,0,0,0,2,0,0.0,0.0,0.1,0.1,5,8,3,0.0,0.0,0.0,0.0,0.0,0.01,0.02,0.03,0.01,0.03,0.0,-0.1
295,296,Mohammed Kudus,GHA,"FW,MF",West Ham,23,2000,32,31,2590,28.8,5,3,8,5,0,0,2,1,6.9,6.9,3.1,10.0,98,79,216,0.17,0.1,0.28,0.17,0.28,0.24,0.11,0.35,0.24,0.35,-1.9,-0.1
296,297,Dejan Kulusevski,SWE,"MF,FW",Tottenham,24,2000,32,27,2389,26.5,7,4,11,7,0,0,3,0,4.2,4.2,6.2,10.4,120,124,210,0.26,0.15,0.41,0.26,0.41,0.16,0.23,0.39,0.16,0.39,2.8,-2.2
297,298,Maxence Lacroix,FRA,DF,Crystal Palace,24,2000,35,35,3116,34.6,1,1,2,1,0,0,5,0,3.4,3.4,1.0,4.4,8,65,7,0.03,0.03,0.06,0.03,0.06,0.1,0.03,0.13,0.1,0.13,-2.4,0.0
298,299,Adam Lallana,ENG,MF,Southampton,36,1988,14,5,361,4.0,0,2,2,0,0,0,4,0,0.2,0.2,0.9,1.1,6,24,10,0.0,0.5,0.5,0.0,0.5,0.04,0.23,0.27,0.04,0.27,-0.2,1.1
299,300,Tariq Lamptey,GHA,DF,Brighton,23,2000,15,10,860,9.6,2,2,4,2,0,0,0,0,0.4,0.4,0.8,1.2,32,14,45,0.21,0.21,0.42,0.21,0.42,0.04,0.08,0.12,0.04,0.12,1.6,1.2
300,301,Will Lankshear,ENG,"FW,MF",Tottenham,19,2005,3,0,11,0.1,0,0,0,0,0,0,0,0,0.0,0.0,0.0,0.0,0,0,1,0.0,0.0,0.0,0.0,0.0,0.0,0.0,0.0,0.0,0.0,0.0,0.0
301,302,Roméo Lavia,BEL,MF,Chelsea,20,2004,16,11,797,8.9,0,1,1,0,0,0,4,0,0.3,0.3,0.7,1.0,3,31,7,0.0,0.11,0.11,0.0,0.11,0.03,0.08,0.11,0.03,0.11,-0.3,0.3
302,303,Mario Lemina,GAB,"MF,DF",Wolves,30,1993,17,15,1364,15.2,1,3,4,1,0,0,4,0,1.4,1.4,1.1,2.5,8,48,21,0.07,0.2,0.26,0.07,0.26,0.09,0.07,0.17,0.09,0.17,-0.4,1.9
303,304,Bernd Leno,GER,GK,Fulham,32,1992,38,38,3420,38.0,0,1,1,0,0,0,5,0,0.0,0.0,0.1,0.1,0,0,0,0.0,0.03,0.03,0.0,0.03,0.0,0.0,0.0,0.0,0.0,0.0,0.9
304,305,Jefferson Lerma,COL,"MF,DF",Crystal Palace,29,1994,33,26,2274,25.3,0,1,1,0,0,0,9,0,1.1,1.1,1.6,2.7,13,97,26,0.0,0.04,0.04,0.0,0.04,0.04,0.06,0.11,0.04,0.11,-1.1,-0.6
305,306,Rico Lewis,ENG,"DF,MF",Manchester City,19,2004,28,21,1893,21.0,1,2,3,1,0,0,5,1,1.4,1.4,0.3,1.7,39,107,78,0.05,0.1,0.14,0.05,0.14,0.07,0.02,0.08,0.07,0.08,-0.4,1.7
306,307,Keane Lewis-Potter,ENG,"DF,FW",Brentford,23,2001,38,36,3093,34.4,1,3,4,1,0,0,7,0,3.1,3.1,3.2,6.3,98,98,156,0.03,0.09,0.12,0.03,0.12,0.09,0.09,0.18,0.09,0.18,-2.1,-0.2
307,308,Myles Lewis-Skelly,ENG,DF,Arsenal,17,2006,23,15,1369,15.2,1,0,1,1,0,0,3,2,0.2,0.2,0.4,0.6,37,71,37,0.07,0.0,0.07,0.07,0.07,0.01,0.03,0.04,0.01,0.04,0.8,-0.4
308,309,Matthijs de Ligt,NED,DF,Manchester Utd,24,1999,29,25,2123,23.6,2,0,2,2,0,0,3,0,2.5,2.5,0.3,2.8,7,55,6,0.08,0.0,0.08,0.08,0.08,0.1,0.01,0.12,0.1,0.12,-0.5,-0.3
309,310,Pedro Lima,BRA,DF,Wolves,18,2006,3,1,70,0.8,0,0,0,0,0,0,0,0,0.1,0.1,0.1,0.1,4,4,11,0.0,0.0,0.0,0.0,0.0,0.07,0.09,0.16,0.07,0.16,-0.1,-0.1
310,311,Victor Lindelöf,SWE,DF,Manchester Utd,30,1994,16,6,704,7.8,0,0,0,0,0,0,1,0,0.0,0.0,0.1,0.1,5,26,4,0.0,0.0,0.0,0.0,0.0,0.0,0.01,0.01,0.0,0.01,0.0,-0.1
311,312,Jesper Lindstrøm,DEN,FW,Everton,24,2000,25,15,1239,13.8,0,1,1,0,0,0,2,0,2.1,2.1,2.0,4.1,30,25,81,0.0,0.07,0.07,0.0,0.07,0.15,0.15,0.3,0.15,0.3,-2.1,-1.0
312,313,Valentino Livramento,ENG,DF,Newcastle Utd,21,2002,37,32,2840,31.6,0,1,1,0,0,0,1,0,0.3,0.3,2.6,2.9,83,158,119,0.0,0.03,0.03,0.0,0.03,0.01,0.08,0.09,0.01,0.09,-0.3,-1.6
313,314,Sean Longstaff,ENG,MF,Newcastle Utd,26,1997,25,8,798,8.9,0,0,0,0,0,0,2,0,0.6,0.6,0.2,0.8,4,40,22,0.0,0.0,0.0,0.0,0.0,0.07,0.02,0.09,0.07,0.09,-0.6,-0.2
314,315,Saša Lukić,SRB,MF,Fulham,27,1996,30,28,2344,26.0,0,2,2,0,0,0,12,0,1.2,1.2,2.7,3.9,39,98,33,0.0,0.08,0.08,0.0,0.08,0.04,0.11,0.15,0.04,0.15,-1.2,-0.7
315,316,Joe Lumley,ENG,GK,Southampton,29,1995,3,3,270,3.0,0,0,0,0,0,0,0,0,0.0,0.0,0.0,0.0,0,0,0,0.0,0.0,0.0,0.0,0.0,0.0,0.0,0.0,0.0,0.0,0.0,0.0
316,317,Massimo Luongo,AUS,MF,Ipswich Town,31,1992,11,2,201,2.2,0,0,0,0,0,0,0,0,0.0,0.0,0.0,0.0,0,6,1,0.0,0.0,0.0,0.0,0.0,0.0,0.0,0.0,0.0,0.0,0.0,0.0
317,318,Ian Maatsen,NED,DF,Aston Villa,22,2002,29,10,1139,12.7,1,2,3,1,0,0,2,0,0.9,0.9,2.7,3.6,31,50,104,0.08,0.16,0.24,0.08,0.24,0.07,0.22,0.28,0.07,0.28,0.1,-0.7
318,319,Alexis Mac Allister,ARG,MF,Liverpool,25,1998,35,30,2599,28.9,5,5,10,5,0,0,6,0,2.8,2.8,4.7,7.5,36,177,80,0.17,0.17,0.35,0.17,0.35,0.1,0.16,0.26,0.1,0.26,2.2,0.3
319,320,James Maddison,ENG,MF,Tottenham,27,1996,31,21,1809,20.1,9,7,16,9,0,0,6,0,5.8,5.8,4.2,10.0,45,164,95,0.45,0.35,0.8,0.45,0.8,0.29,0.21,0.5,0.29,0.5,3.2,2.8
320,321,Noni Madueke,ENG,FW,Chelsea,22,2002,32,27,2033,22.6,7,3,10,7,0,0,3,0,9.6,9.6,4.2,13.9,154,69,226,0.31,0.13,0.44,0.31,0.44,0.43,0.19,0.61,0.43,0.61,-2.6,-1.2
321,322,Gabriel Magalhães,BRA,DF,Arsenal,26,1997,28,28,2363,26.3,3,1,4,3,0,0,4,0,2.6,2.6,0.9,3.5,10,126,11,0.11,0.04,0.15,0.11,0.15,0.1,0.03,0.13,0.1,0.13,0.4,0.1
322,323,Edmond-Paris Maghoma,ENG,"MF,FW",Brentford,23,2001,8,0,119,1.3,0,0,0,0,0,0,0,0,0.1,0.1,0.1,0.2,4,13,4,0.0,0.0,0.0,0.0,0.0,0.09,0.08,0.17,0.09,0.17,-0.1,-0.1
323,324,Harry Maguire,ENG,DF,Manchester Utd,31,1993,27,19,1758,19.5,1,0,1,1,0,0,7,0,1.8,1.8,0.6,2.4,7,51,7,0.05,0.0,0.05,0.05,0.05,0.09,0.03,0.12,0.09,0.12,-0.8,-0.6
324,325,Kobbie Mainoo,ENG,MF,Manchester Utd,19,2005,25,19,1651,18.3,0,0,0,0,0,0,5,0,0.7,0.7,1.6,2.3,22,65,47,0.0,0.0,0.0,0.0,0.0,0.04,0.09,0.12,0.04,0.12,-0.7,-1.6
325,326,Tyrell Malacia,NED,DF,Manchester Utd,24,1999,3,2,100,1.1,0,0,0,0,0,0,1,0,0.0,0.0,0.0,0.0,3,3,6,0.0,0.0,0.0,0.0,0.0,0.0,0.03,0.03,0.0,0.03,0.0,0.0
326,327,Donyell Malen,NED,FW,Aston Villa,25,1999,14,2,305,3.4,3,0,3,3,0,0,0,0,2.2,2.2,0.2,2.4,12,6,30,0.89,0.0,0.89,0.89,0.89,0.64,0.05,0.69,0.64,0.69,0.8,-0.2
327,328,Mateus Mane,POR,MF,Wolves,17,2007,1,0,2,0.0,0,0,0,0,0,0,0,0,0.0,0.0,0.0,0.0,0,0,0,0.0,0.0,0.0,0.0,0.0,0.0,0.0,0.0,0.0,0.0,0.0,0.0
328,329,Orel Mangala,BEL,MF,Everton,26,1998,19,14,1261,14.0,1,0,1,1,0,0,2,0,1.1,1.1,0.6,1.8,6,34,19,0.07,0.0,0.07,0.07,0.07,0.08,0.05,0.13,0.08,0.13,-0.1,-0.6
329,330,Ryan Manning,IRL,"DF,MF",Southampton,28,1996,24,18,1462,16.2,0,1,1,0,0,0,2,0,0.3,0.3,3.2,3.6,14,35,74,0.0,0.06,0.06,0.0,0.06,0.02,0.2,0.22,0.02,0.22,-0.3,-2.2
330,331,Solly March,ENG,"FW,MF",Brighton,30,1994,8,1,168,1.9,0,0,0,0,0,0,2,0,0.1,0.1,0.3,0.4,5,2,20,0.0,0.0,0.0,0.0,0.0,0.05,0.15,0.19,0.05,0.19,-0.1,-0.3
331,332,Omar Marmoush,EGY,"FW,MF",Manchester City,25,1999,16,14,1175,13.1,7,0,7,7,0,0,0,0,5.5,5.5,2.8,8.3,29,37,78,0.54,0.0,0.54,0.54,0.54,0.42,0.21,0.64,0.42,0.64,1.5,-2.8
332,333,Gabriel Martinelli,BRA,"FW,MF",Arsenal,23,2001,33,25,2290,25.4,8,4,12,8,0,0,1,0,7.4,7.4,5.0,12.4,124,52,289,0.31,0.16,0.47,0.31,0.47,0.29,0.19,0.49,0.29,0.49,0.6,-1.0
333,334,Emiliano Martínez,ARG,GK,Aston Villa,31,1992,37,37,3194,35.5,0,0,0,0,0,0,5,1,0.0,0.0,0.5,0.5,0,4,0,0.0,0.0,0.0,0.0,0.0,0.0,0.02,0.02,0.0,0.02,0.0,-0.5
334,335,Lisandro Martínez,ARG,DF,Manchester Utd,26,1998,20,20,1751,19.5,2,1,3,2,0,0,7,0,1.3,1.3,1.1,2.4,23,117,7,0.1,0.05,0.15,0.1,0.15,0.07,0.06,0.13,0.07,0.13,0.7,-0.1
335,336,Pape Matar Sarr,SEN,MF,Tottenham,21,2002,36,22,1913,21.3,3,2,5,3,0,0,6,0,3.7,3.7,1.6,5.3,33,88,53,0.14,0.09,0.24,0.14,0.24,0.17,0.08,0.25,0.17,0.25,-0.7,0.4
336,337,Jean-Philippe Mateta,FRA,FW,Crystal Palace,27,1997,37,33,2648,29.4,14,2,16,12,2,2,2,0,13.5,11.9,3.2,15.1,45,52,122,0.48,0.07,0.54,0.41,0.48,0.46,0.11,0.57,0.41,0.51,0.5,-1.2
337,338,Stephy Mavididi,ENG,FW,Leicester City,26,1998,30,16,1615,17.9,4,1,5,4,0,0,2,0,1.8,1.8,2.6,4.4,91,57,138,0.22,0.06,0.28,0.22,0.28,0.1,0.15,0.25,0.1,0.25,2.2,-1.6
338,339,Konstantinos Mavropanos,GRE,DF,West Ham,26,1997,33,21,2045,22.7,0,0,0,0,0,0,6,1,1.5,1.5,0.5,2.0,17,61,2,0.0,0.0,0.0,0.0,0.0,0.07,0.02,0.09,0.07,0.09,-1.5,-0.5
339,340,Noussair Mazraoui,MAR,DF,Manchester Utd,26,1997,37,34,2838,31.5,0,1,1,0,0,0,3,0,0.7,0.7,1.5,2.2,42,115,58,0.0,0.03,0.03,0.0,0.03,0.02,0.05,0.07,0.02,0.07,-0.7,-0.5
340,341,Bryan Mbeumo,CMR,FW,Brentford,24,1999,38,38,3414,37.9,20,7,27,15,5,6,3,0,12.3,7.5,8.3,15.9,130,141,351,0.53,0.18,0.71,0.4,0.58,0.32,0.22,0.54,0.2,0.42,7.7,-1.3
341,342,James Mcatee,ENG,"MF,FW",Manchester City,21,2002,15,3,349,3.9,3,0,3,3,0,0,1,0,2.8,2.8,0.5,3.3,7,7,32,0.77,0.0,0.77,0.77,0.77,0.72,0.13,0.85,0.72,0.85,0.2,-0.5
342,343,Kasey McAteer,IRL,FW,Leicester City,22,2001,18,9,852,9.5,1,1,2,1,0,0,3,0,1.0,1.0,0.7,1.7,19,14,71,0.11,0.11,0.21,0.11,0.21,0.11,0.08,0.18,0.11,0.18,0.0,0.3
343,344,Alex McCarthy,ENG,GK,Southampton,34,1989,5,5,450,5.0,0,0,0,0,0,0,0,0,0.0,0.0,0.0,0.0,0,0,0,0.0,0.0,0.0,0.0,0.0,0.0,0.0,0.0,0.0,0.0,0.0,0.0
344,345,John McGinn,SCO,"MF,FW",Aston Villa,29,1994,34,27,2223,24.7,1,4,5,1,0,0,7,0,3.1,2.8,3.5,6.3,32,103,87,0.04,0.16,0.2,0.04,0.2,0.13,0.14,0.27,0.11,0.26,-2.1,0.5
345,346,Dwight McNeil,ENG,"MF,FW",Everton,24,1999,21,15,1371,15.2,4,6,10,4,0,0,1,0,1.1,1.1,5.2,6.3,38,69,80,0.26,0.39,0.66,0.26,0.66,0.07,0.34,0.41,0.07,0.41,2.9,0.8
346,347,Scott McTominay,SCO,MF,Manchester Utd,27,1996,2,0,19,0.2,0,0,0,0,0,0,0,0,0.1,0.1,0.0,0.1,0,1,2,0.0,0.0,0.0,0.0,0.0,0.33,0.0,0.33,0.33,0.33,-0.1,0.0
347,348,Ben Mee,ENG,DF,Brentford,34,1989,7,2,183,2.0,0,0,0,0,0,0,2,0,0.0,0.0,0.0,0.0,3,11,2,0.0,0.0,0.0,0.0,0.0,0.0,0.0,0.0,0.0,0.0,0.0,0.0
348,349,Jayden Meghoma,ENG,DF,Brentford,18,2006,1,0,5,0.1,0,0,0,0,0,0,0,0,0.0,0.0,0.0,0.0,0,0,0,0.0,0.0,0.0,0.0,0.0,0.0,0.0,0.0,0.0,0.0,0.0,0.0
349,350,Mikel Merino,ESP,"MF,FW",Arsenal,28,1996,28,17,1586,17.6,7,2,9,7,0,0,4,1,5.9,5.9,2.0,7.9,11,69,94,0.4,0.11,0.51,0.4,0.51,0.34,0.11,0.45,0.34,0.45,1.1,0.0
350,351,Shumaira Mheuka,ENG,MF,Chelsea,16,2007,1,0,1,0.0,0,0,0,0,0,0,0,0,0.1,0.1,0.0,0.1,0,0,0,0.0,0.0,0.0,0.0,0.0,5.06,0.0,5.06,5.06,5.06,-0.1,0.0
351,352,Nikola Milenković,SRB,DF,Nott'ham Forest,26,1997,37,37,3330,37.0,5,2,7,5,0,0,4,0,4.0,4.0,1.1,5.1,3,51,6,0.14,0.05,0.19,0.14,0.19,0.11,0.03,0.14,0.11,0.14,1.0,0.9
352,353,Lewis Miley,ENG,MF,Newcastle Utd,18,2006,14,1,313,3.5,1,0,1,1,0,0,0,0,0.5,0.5,0.0,0.6,2,17,8,0.29,0.0,0.29,0.29,0.29,0.16,0.01,0.16,0.16,0.16,0.5,0.0
353,354,James Milner,ENG,MF,Brighton,38,1986,4,3,170,1.9,0,0,0,0,0,0,1,0,0.2,0.2,0.2,0.4,1,10,10,0.0,0.0,0.0,0.0,0.0,0.09,0.12,0.21,0.09,0.21,-0.2,-0.2
354,355,Tyrone Mings,ENG,DF,Aston Villa,31,1993,14,12,1120,12.4,0,0,0,0,0,0,1,0,0.8,0.8,0.2,1.0,7,40,1,0.0,0.0,0.0,0.0,0.0,0.07,0.02,0.08,0.07,0.08,-0.8,-0.2
355,356,Yankuba Minteh,GAM,"FW,MF",Brighton,20,2004,32,20,1838,20.4,6,4,10,6,0,0,6,0,4.1,4.1,5.0,9.1,90,48,201,0.29,0.2,0.49,0.29,0.49,0.2,0.24,0.44,0.2,0.44,1.9,-1.0
356,357,Tyrick Mitchell,ENG,DF,Crystal Palace,24,1999,37,37,3092,34.4,0,5,5,0,0,0,2,0,1.3,1.3,6.4,7.7,63,70,171,0.0,0.15,0.15,0.0,0.15,0.04,0.19,0.22,0.04,0.22,-1.3,-1.4
357,358,Kaoru Mitoma,JPN,"FW,MF",Brighton,27,1997,36,28,2603,28.9,10,4,14,10,0,0,1,0,9.2,9.2,4.6,13.8,146,89,291,0.35,0.14,0.48,0.35,0.48,0.32,0.16,0.48,0.32,0.48,0.8,-0.6
358,359,Jakub Moder,POL,MF,Brighton,25,1999,4,0,11,0.1,0,0,0,0,0,0,0,0,0.0,0.0,0.2,0.2,2,4,0,0.0,0.0,0.0,0.0,0.0,0.0,1.45,1.45,0.0,1.45,0.0,-0.2
359,360,Jeremy Monga,ENG,"FW,MF",Leicester City,16,2009,7,0,112,1.2,0,0,0,0,0,0,0,0,0.2,0.2,0.0,0.2,6,3,10,0.0,0.0,0.0,0.0,0.0,0.13,0.01,0.14,0.13,0.14,-0.2,0.0
360,361,Mikey Moore,ENG,FW,Tottenham,16,2007,10,3,366,4.1,0,1,1,0,0,0,0,0,0.2,0.2,0.3,0.5,12,9,40,0.0,0.25,0.25,0.0,0.25,0.05,0.08,0.13,0.05,0.13,-0.2,0.7
361,362,Morato,BRA,DF,Nott'ham Forest,23,2001,26,6,907,10.1,0,0,0,0,0,0,5,0,0.2,0.2,0.0,0.2,1,19,1,0.0,0.0,0.0,0.0,0.0,0.02,0.0,0.02,0.02,0.02,-0.2,0.0
362,363,Álex Moreno,ESP,"DF,MF",Nott'ham Forest,31,1993,15,11,955,10.6,0,1,1,0,0,0,2,0,0.2,0.2,1.3,1.4,26,34,34,0.0,0.09,0.09,0.0,0.09,0.02,0.12,0.13,0.02,0.13,-0.2,-0.3
363,364,Sam Morsy,EGY,MF,Ipswich Town,32,1991,33,31,2751,30.6,1,1,2,1,0,0,10,0,0.4,0.4,1.2,1.6,22,120,13,0.03,0.03,0.07,0.03,0.07,0.01,0.04,0.05,0.01,0.05,0.6,-0.2
364,365,Yerson Mosquera,COL,DF,Wolves,23,2001,5,5,441,4.9,0,0,0,0,0,0,2,0,0.3,0.3,0.1,0.4,0,7,0,0.0,0.0,0.0,0.0,0.0,0.07,0.02,0.09,0.07,0.09,-0.3,-0.1
365,366,Mason Mount,ENG,MF,Manchester Utd,25,1999,17,8,622,6.9,1,0,1,1,0,0,3,0,3.2,3.2,0.6,3.8,15,33,41,0.14,0.0,0.14,0.14,0.14,0.47,0.08,0.55,0.47,0.55,-2.2,-0.6
366,367,Divin Mubama,ENG,FW,Manchester City,19,2004,1,0,28,0.3,0,0,0,0,0,0,0,0,0.0,0.0,0.0,0.0,0,1,0,0.0,0.0,0.0,0.0,0.0,0.12,0.0,0.12,0.12,0.12,0.0,0.0
367,368,Mykhailo Mudryk,UKR,FW,Chelsea,23,2001,7,1,151,1.7,0,0,0,0,0,0,0,0,0.3,0.3,1.0,1.2,7,5,12,0.0,0.0,0.0,0.0,0.0,0.15,0.58,0.73,0.15,0.73,-0.3,-1.0
368,369,Marshall Munetsi,ZIM,"MF,FW",Wolves,28,1996,14,12,1078,12.0,2,1,3,2,0,0,0,0,3.3,3.3,1.8,5.1,9,10,35,0.17,0.08,0.25,0.17,0.25,0.28,0.15,0.42,0.28,0.42,-1.3,-0.8
369,370,Rodrigo Muniz,BRA,FW,Fulham,23,2001,31,8,964,10.7,8,1,9,8,0,0,1,0,5.8,5.8,0.7,6.5,6,27,31,0.75,0.09,0.84,0.75,0.84,0.54,0.07,0.61,0.54,0.61,2.2,0.3
370,371,Daniel Muñoz,COL,DF,Crystal Palace,28,1996,37,37,3228,35.9,4,5,9,4,0,0,10,0,4.9,4.9,5.5,10.5,62,97,206,0.11,0.14,0.25,0.11,0.25,0.14,0.15,0.29,0.14,0.29,-0.9,-0.5
371,372,Arijanet Muric,KVX,GK,Ipswich Town,25,1998,18,18,1620,18.0,0,0,0,0,0,0,1,0,0.0,0.0,0.0,0.0,0,1,0,0.0,0.0,0.0,0.0,0.0,0.0,0.0,0.0,0.0,0.0,0.0,0.0
372,373,Murillo,BRA,DF,Nott'ham Forest,22,2002,36,36,3188,35.4,2,0,2,2,0,0,6,0,1.4,1.4,1.2,2.6,22,115,5,0.06,0.0,0.06,0.06,0.06,0.04,0.03,0.07,0.04,0.07,0.6,-1.2
373,374,Jacob Murphy,ENG,FW,Newcastle Utd,29,1995,35,31,2360,26.2,8,12,20,8,0,0,4,0,5.7,5.7,8.9,14.6,79,83,231,0.31,0.46,0.76,0.31,0.76,0.22,0.34,0.56,0.22,0.56,2.3,3.1
374,375,Vitaliy Mykolenko,UKR,DF,Everton,25,1999,35,35,3082,34.2,1,2,3,1,0,0,4,0,0.5,0.5,2.6,3.1,33,110,99,0.03,0.06,0.09,0.03,0.09,0.01,0.08,0.09,0.01,0.09,0.5,-0.6
375,376,Iliman Ndiaye,SEN,FW,Everton,24,2000,33,29,2430,27.0,9,0,9,7,2,2,3,0,6.2,4.7,1.9,6.5,86,59,122,0.33,0.0,0.33,0.26,0.26,0.23,0.07,0.3,0.17,0.24,2.8,-1.9
376,377,Wilfred Ndidi,NGA,MF,Leicester City,27,1996,28,28,2324,25.8,0,5,5,0,0,0,8,0,2.0,2.0,1.9,3.9,18,70,75,0.0,0.19,0.19,0.0,0.19,0.08,0.07,0.15,0.08,0.15,-2.0,3.1
377,378,Kosta Nedeljković,SRB,DF,Aston Villa,18,2005,5,0,126,1.4,0,0,0,0,0,0,0,0,0.0,0.0,0.0,0.0,1,6,0,0.0,0.0,0.0,0.0,0.0,0.0,0.0,0.0,0.0,0.0,0.0,0.0
378,379,Reiss Nelson,ENG,FW,Arsenal,24,1999,1,0,3,0.0,0,0,0,0,0,0,0,0,0.0,0.0,0.0,0.0,0,0,0,0.0,0.0,0.0,0.0,0.0,0.0,0.0,0.0,0.0,0.0,0.0,0.0
379,380,Reiss Nelson,ENG,FW,Fulham,24,1999,11,5,487,5.4,1,1,2,1,0,0,1,0,1.1,1.1,1.0,2.1,45,35,63,0.18,0.18,0.37,0.18,0.37,0.2,0.18,0.39,0.2,0.39,-0.1,0.0
380,381,Neto,BRA,GK,Bournemouth,35,1989,2,2,180,2.0,0,0,0,0,0,0,0,0,0.0,0.0,0.0,0.0,0,0,0,0.0,0.0,0.0,0.0,0.0,0.0,0.0,0.0,0.0,0.0,0.0,0.0
381,382,Pedro Neto,POR,FW,Chelsea,24,2000,35,24,2269,25.2,4,6,10,4,0,0,8,0,3.5,3.5,6.7,10.2,126,60,253,0.16,0.24,0.4,0.16,0.4,0.14,0.27,0.4,0.14,0.4,0.5,-0.7
382,383,Eddie Nketiah,ENG,"FW,MF",Crystal Palace,25,1999,29,9,1034,11.5,3,1,4,3,0,0,6,1,5.8,5.8,1.7,7.4,41,19,79,0.26,0.09,0.35,0.26,0.35,0.5,0.15,0.65,0.5,0.65,-2.8,-0.7
383,384,Christopher Nkunku,FRA,FW,Chelsea,26,1997,27,9,921,10.2,3,2,5,3,0,0,2,0,4.8,4.8,2.1,6.9,17,25,68,0.29,0.2,0.49,0.29,0.49,0.47,0.21,0.68,0.47,0.67,-1.8,-0.1
384,385,Gustavo Nunes,BRA,"FW,MF",Brentford,18,2005,3,0,12,0.1,0,0,0,0,0,0,0,0,0.0,0.0,0.0,0.0,1,0,0,0.0,0.0,0.0,0.0,0.0,0.0,0.0,0.0,0.0,0.0,0.0,0.0
385,386,Matheus Nunes,POR,"DF,MF",Manchester City,25,1998,26,19,1674,18.6,1,6,7,1,0,0,4,0,1.2,1.2,4.4,5.6,63,79,175,0.05,0.32,0.38,0.05,0.38,0.07,0.23,0.3,0.07,0.3,-0.2,1.6
386,387,Darwin Núñez,URU,FW,Liverpool,25,1999,30,8,1133,12.6,5,2,7,5,0,0,8,0,5.8,5.8,1.3,7.1,23,27,78,0.4,0.16,0.56,0.4,0.56,0.46,0.1,0.57,0.46,0.57,-0.8,0.7
387,388,Ethan Nwaneri,ENG,"FW,MF",Arsenal,17,2007,26,11,895,9.9,4,2,6,4,0,0,1,0,1.2,1.2,1.2,2.4,46,33,113,0.4,0.2,0.6,0.4,0.6,0.12,0.12,0.24,0.12,0.24,2.8,0.8
388,389,Christian Nørgaard,DEN,MF,Brentford,30,1994,34,34,2819,31.3,5,4,9,5,0,0,8,1,4.3,4.3,1.3,5.6,14,154,42,0.16,0.13,0.29,0.16,0.29,0.14,0.04,0.18,0.14,0.18,0.7,2.7
389,390,Jake O'Brien,IRL,DF,Everton,23,2001,20,17,1571,17.5,2,0,2,2,0,0,5,0,0.8,0.8,0.6,1.3,7,50,25,0.11,0.0,0.11,0.11,0.11,0.04,0.03,0.08,0.04,0.08,1.2,-0.6
390,391,Matt O'Riley,DEN,MF,Brighton,23,2000,21,11,938,10.4,2,2,4,1,1,1,1,0,2.8,2.0,2.4,4.4,22,38,52,0.19,0.19,0.38,0.1,0.29,0.27,0.23,0.5,0.2,0.42,-0.8,-0.4
391,392,Dara O'Shea,IRL,DF,Ipswich Town,25,1999,35,35,3122,34.7,0,2,2,0,0,0,6,0,1.3,1.3,0.5,1.8,3,80,8,0.0,0.06,0.06,0.0,0.06,0.04,0.01,0.05,0.04,0.05,-1.3,1.5
392,393,Chidozie Obi-Martin,DEN,FW,Manchester Utd,16,2007,7,1,165,1.8,0,0,0,0,0,0,1,0,0.7,0.7,0.0,0.7,2,1,12,0.0,0.0,0.0,0.0,0.0,0.36,0.0,0.36,0.36,0.36,-0.7,0.0
393,394,Wilson Odobert,FRA,"FW,MF",Tottenham,19,2004,16,9,850,9.4,1,0,1,1,0,0,0,0,1.6,1.6,1.0,2.6,45,27,66,0.11,0.0,0.11,0.11,0.11,0.17,0.1,0.27,0.17,0.27,-0.6,-1.0
394,395,Chiedozie Ogbene,IRL,FW,Ipswich Town,27,1997,5,3,238,2.6,0,0,0,0,0,0,0,0,0.0,0.0,0.1,0.1,7,0,15,0.0,0.0,0.0,0.0,0.0,0.0,0.03,0.03,0.0,0.03,0.0,-0.1
395,396,Caleb Okoli,ITA,DF,Leicester City,23,2001,19,12,1125,12.5,1,0,1,1,0,0,4,0,0.6,0.6,0.0,0.6,3,32,2,0.08,0.0,0.08,0.08,0.08,0.05,0.0,0.05,0.05,0.05,0.4,0.0
396,397,Robin Olsen,SWE,GK,Aston Villa,34,1990,4,1,226,2.5,0,0,0,0,0,0,0,0,0.0,0.0,0.0,0.0,0,0,0,0.0,0.0,0.0,0.0,0.0,0.0,0.0,0.0,0.0,0.0,0.0,0.0
397,398,Amadou Onana,BEL,MF,Aston Villa,22,2001,26,20,1617,18.0,3,0,3,3,0,0,4,0,2.1,2.1,0.7,2.8,29,75,16,0.17,0.0,0.17,0.17,0.17,0.12,0.04,0.16,0.12,0.16,0.9,-0.7
398,399,André Onana,CMR,GK,Manchester Utd,28,1996,34,34,3060,34.0,0,0,0,0,0,0,0,0,0.0,0.0,0.2,0.2,0,1,0,0.0,0.0,0.0,0.0,0.0,0.0,0.0,0.0,0.0,0.0,0.0,-0.2
399,400,Paul Onuachu,NGA,FW,Southampton,30,1994,25,11,1050,11.7,4,1,5,4,0,0,4,0,3.6,3.6,0.5,4.1,7,13,40,0.34,0.09,0.43,0.34,0.43,0.31,0.04,0.35,0.31,0.35,0.4,0.5
400,401,Frank Onyeka,NGA,MF,Brentford,26,1998,2,0,25,0.3,0,0,0,0,0,0,0,0,0.0,0.0,0.0,0.0,0,1,0,0.0,0.0,0.0,0.0,0.0,0.0,0.0,0.0,0.0,0.0,0.0,0.0
401,402,Lewis Orford,ENG,MF,West Ham,18,2006,2,0,49,0.5,0,0,0,0,0,0,0,0,0.0,0.0,0.0,0.0,0,0,1,0.0,0.0,0.0,0.0,0.0,0.05,0.04,0.09,0.05,0.09,0.0,0.0
402,403,Stefan Ortega,GER,GK,Manchester City,31,1992,13,12,1100,12.2,0,0,0,0,0,0,1,0,0.0,0.0,0.0,0.0,0,0,0,0.0,0.0,0.0,0.0,0.0,0.0,0.0,0.0,0.0,0.0,0.0,0.0
403,404,William Osula,DEN,FW,Newcastle Utd,20,2003,14,0,134,1.5,1,0,1,1,0,0,0,0,0.2,0.2,0.1,0.3,5,4,17,0.67,0.0,0.67,0.67,0.67,0.11,0.1,0.21,0.11,0.21,0.8,-0.1
404,405,Dango Ouattara,BFA,FW,Bournemouth,22,2002,32,21,2005,22.3,7,4,11,7,0,0,3,0,8.4,8.4,5.5,13.8,79,43,191,0.31,0.18,0.49,0.31,0.49,0.38,0.25,0.62,0.38,0.62,-1.4,-1.5
405,406,Nico O’Reilly,ENG,DF,Manchester City,19,2005,9,6,528,5.9,2,0,2,2,0,0,0,0,1.3,1.3,0.4,1.6,16,17,26,0.34,0.0,0.34,0.34,0.34,0.22,0.06,0.28,0.22,0.28,0.7,-0.4
406,407,Alex Palmer,ENG,GK,Ipswich Town,27,1996,13,13,1170,13.0,0,0,0,0,0,0,2,0,0.0,0.0,0.0,0.0,0,1,0,0.0,0.0,0.0,0.0,0.0,0.0,0.0,0.0,0.0,0.0,0.0,0.0
407,408,Cole Palmer,ENG,"MF,FW",Chelsea,22,2002,37,36,3191,35.5,15,8,23,11,4,5,7,0,17.3,13.3,10.9,24.2,120,214,187,0.42,0.23,0.65,0.31,0.54,0.49,0.31,0.79,0.38,0.68,-2.3,-2.9
408,409,Emerson Palmieri,ITA,DF,West Ham,29,1994,31,26,2113,23.5,2,1,3,2,0,0,5,0,2.0,2.0,1.5,3.4,47,66,83,0.09,0.04,0.13,0.09,0.13,0.08,0.06,0.15,0.08,0.15,0.0,-0.5
409,410,Lucas Paquetá,BRA,"MF,FW",West Ham,26,1997,33,27,2380,26.4,4,0,4,2,2,2,10,0,5.3,3.7,3.1,6.8,26,155,85,0.15,0.0,0.15,0.08,0.08,0.2,0.12,0.32,0.14,0.26,-1.3,-3.1
410,411,Thomas Partey,GHA,"MF,DF",Arsenal,31,1993,35,31,2797,31.1,4,2,6,4,0,0,4,0,2.3,2.3,2.1,4.3,36,185,48,0.13,0.06,0.19,0.13,0.19,0.07,0.07,0.14,0.07,0.14,1.7,-0.1
411,412,Nathan Patterson,SCO,DF,Everton,22,2001,10,3,347,3.9,0,1,1,0,0,0,1,0,0.1,0.1,0.4,0.5,6,13,18,0.0,0.26,0.26,0.0,0.26,0.02,0.11,0.13,0.02,0.13,-0.1,0.6
412,413,Andreas Pereira,BRA,MF,Fulham,28,1996,33,25,2013,22.4,2,4,6,2,0,1,7,0,3.8,3.0,4.6,7.6,29,104,81,0.09,0.18,0.27,0.09,0.27,0.17,0.21,0.38,0.14,0.34,-1.8,-0.6
413,414,Ricardo Pereira,POR,DF,Leicester City,30,1993,10,4,388,4.3,0,0,0,0,0,0,1,0,0.1,0.1,0.0,0.1,3,18,5,0.0,0.0,0.0,0.0,0.0,0.02,0.0,0.02,0.02,0.02,-0.1,0.0
414,415,Kalvin Phillips,ENG,MF,Ipswich Town,28,1995,19,14,1237,13.7,0,0,0,0,0,0,6,1,0.4,0.4,0.2,0.7,4,51,4,0.0,0.0,0.0,0.0,0.0,0.03,0.02,0.05,0.03,0.05,-0.4,-0.2
415,416,Jaden Philogene Bidace,ENG,"FW,MF",Aston Villa,22,2002,11,2,332,3.7,0,0,0,0,0,0,4,1,0.5,0.5,0.3,0.8,7,4,17,0.0,0.0,0.0,0.0,0.0,0.13,0.08,0.2,0.13,0.2,-0.5,-0.3
416,417,Jaden Philogene Bidace,ENG,"FW,DF",Ipswich Town,22,2002,10,5,474,5.3,2,0,2,2,0,0,1,0,2.0,2.0,0.2,2.2,13,10,36,0.38,0.0,0.38,0.38,0.38,0.37,0.05,0.42,0.37,0.42,0.0,-0.2
417,418,Jordan Pickford,ENG,GK,Everton,30,1994,38,38,3420,38.0,0,1,1,0,0,0,7,0,0.0,0.0,0.4,0.4,0,0,0,0.0,0.03,0.03,0.0,0.03,0.0,0.01,0.01,0.0,0.01,0.0,0.6
418,419,Ethan Pinnock,JAM,DF,Brentford,31,1993,22,21,1913,21.3,2,0,2,2,0,0,2,0,1.1,1.1,1.2,2.3,3,41,9,0.09,0.0,0.09,0.09,0.09,0.05,0.05,0.11,0.05,0.11,0.9,-1.2
419,420,Daniel Podence,POR,"MF,FW",Wolves,28,1995,2,0,48,0.5,0,0,0,0,0,0,0,0,0.0,0.0,0.0,0.0,1,2,3,0.0,0.0,0.0,0.0,0.0,0.07,0.0,0.07,0.07,0.07,0.0,0.0
420,421,Alfie Pond,ENG,DF,Wolves,20,2004,1,0,1,0.0,0,0,0,0,0,0,0,0,0.0,0.0,0.0,0.0,0,0,0,0.0,0.0,0.0,0.0,0.0,0.0,0.0,0.0,0.0,0.0,0.0,0.0
421,422,Nick Pope,ENG,GK,Newcastle Utd,32,1992,28,28,2520,28.0,0,0,0,0,0,0,2,0,0.0,0.0,0.0,0.0,0,1,0,0.0,0.0,0.0,0.0,0.0,0.0,0.0,0.0,0.0,0.0,0.0,0.0
422,423,Pedro Porro,ESP,DF,Tottenham,24,1999,33,28,2610,29.0,2,6,8,2,0,0,5,0,1.6,1.6,5.0,6.6,65,154,109,0.07,0.21,0.28,0.07,0.28,0.05,0.17,0.23,0.05,0.23,0.4,1.0
423,424,Jarell Quansah,ENG,DF,Liverpool,21,2003,13,4,495,5.5,0,0,0,0,0,0,2,0,0.1,0.1,0.1,0.2,3,19,4,0.0,0.0,0.0,0.0,0.0,0.02,0.02,0.04,0.02,0.04,-0.1,-0.1
424,425,Hákon Rafn Valdimarsson,ISL,GK,Brentford,22,2001,2,1,145,1.6,0,0,0,0,0,0,0,0,0.0,0.0,0.0,0.0,0,0,0,0.0,0.0,0.0,0.0,0.0,0.0,0.0,0.0,0.0,0.0,0.0,0.0
425,426,Aaron Ramsdale,ENG,GK,Southampton,26,1998,30,30,2700,30.0,0,0,0,0,0,0,2,0,0.0,0.0,0.0,0.0,0,0,0,0.0,0.0,0.0,0.0,0.0,0.0,0.0,0.0,0.0,0.0,0.0,0.0
426,427,Jacob Ramsey,ENG,"FW,MF",Aston Villa,23,2001,29,19,1623,18.0,1,3,4,1,0,0,4,1,1.6,1.6,2.3,3.9,61,68,114,0.06,0.17,0.22,0.06,0.22,0.09,0.13,0.22,0.09,0.22,-0.6,0.7
427,428,Marcus Rashford,ENG,"FW,MF",Manchester Utd,26,1997,15,12,978,10.9,4,1,5,4,0,0,2,0,1.7,1.7,2.1,3.8,20,21,79,0.37,0.09,0.46,0.37,0.46,0.16,0.19,0.35,0.16,0.35,2.3,-1.1
428,429,Marcus Rashford,ENG,FW,Aston Villa,26,1997,10,4,444,4.9,2,2,4,1,1,1,0,0,3.1,2.3,2.3,4.5,22,13,42,0.41,0.41,0.81,0.2,0.61,0.62,0.46,1.08,0.46,0.92,-1.1,-0.3
429,430,David Raya,ESP,GK,Arsenal,28,1995,38,38,3420,38.0,0,0,0,0,0,0,3,0,0.0,0.0,0.0,0.0,0,14,0,0.0,0.0,0.0,0.0,0.0,0.0,0.0,0.0,0.0,0.0,0.0,0.0
430,431,Harrison Reed,ENG,MF,Fulham,29,1995,12,0,108,1.2,0,0,0,0,0,0,2,0,0.2,0.2,0.1,0.3,1,4,7,0.0,0.0,0.0,0.0,0.0,0.21,0.07,0.27,0.21,0.27,-0.2,-0.1
431,432,Remy Rees-Dottin,ENG,FW,Bournemouth,18,2006,1,0,1,0.0,0,0,0,0,0,0,0,0,0.0,0.0,0.0,0.0,0,0,0,0.0,0.0,0.0,0.0,0.0,0.0,0.0,0.0,0.0,0.0,0.0,0.0
432,433,Sergio Reguilón,ESP,DF,Tottenham,27,1996,4,1,196,2.2,0,0,0,0,0,0,2,0,0.1,0.1,0.0,0.1,5,13,12,0.0,0.0,0.0,0.0,0.0,0.05,0.01,0.07,0.05,0.07,-0.1,0.0
433,434,Vitor Reis,BRA,DF,Manchester City,18,2006,1,0,1,0.0,0,0,0,0,0,0,0,0,0.0,0.0,0.0,0.0,0,0,0,0.0,0.0,0.0,0.0,0.0,0.0,0.0,0.0,0.0,0.0,0.0,0.0
434,435,Chadi Riad,MAR,DF,Crystal Palace,21,2003,1,1,90,1.0,0,0,0,0,0,0,0,0,0.0,0.0,0.0,0.0,2,7,0,0.0,0.0,0.0,0.0,0.0,0.0,0.0,0.0,0.0,0.0,0.0,0.0
435,436,Declan Rice,ENG,MF,Arsenal,25,1999,35,33,2825,31.4,4,7,11,4,0,0,7,1,3.5,3.5,6.6,10.1,90,192,94,0.13,0.22,0.35,0.13,0.35,0.11,0.21,0.32,0.11,0.32,0.5,0.4
436,437,Chris Richards,USA,DF,Crystal Palace,24,2000,24,22,1922,21.4,1,0,1,1,0,0,4,1,1.4,1.4,0.1,1.5,6,39,2,0.05,0.0,0.05,0.05,0.05,0.06,0.0,0.07,0.06,0.07,-0.4,-0.1
437,438,Richarlison,BRA,FW,Tottenham,27,1997,15,4,504,5.6,4,1,5,4,0,0,2,0,3.7,3.7,0.9,4.6,8,11,22,0.71,0.18,0.89,0.71,0.89,0.66,0.16,0.82,0.66,0.82,0.3,0.1
438,439,Andrew Robertson,SCO,DF,Liverpool,30,1994,33,29,2482,27.6,0,1,1,0,0,0,3,1,1.2,1.2,4.6,5.8,64,176,108,0.0,0.04,0.04,0.0,0.04,0.04,0.17,0.21,0.04,0.21,-1.2,-3.6
439,440,Antonee Robinson,USA,DF,Fulham,26,1997,36,35,3167,35.2,0,10,10,0,0,0,8,0,0.7,0.7,4.2,4.9,118,131,274,0.0,0.28,0.28,0.0,0.28,0.02,0.12,0.14,0.02,0.14,-0.7,5.8
440,441,Jay Robinson,ENG,"MF,FW",Southampton,17,2007,4,1,137,1.5,0,0,0,0,0,0,0,0,0.0,0.0,0.7,0.7,3,1,10,0.0,0.0,0.0,0.0,0.0,0.03,0.44,0.47,0.03,0.47,0.0,-0.7
441,442,Rodri,ESP,MF,Manchester City,28,1996,3,1,73,0.8,0,0,0,0,0,0,0,0,0.0,0.0,0.0,0.0,1,4,1,0.0,0.0,0.0,0.0,0.0,0.0,0.06,0.06,0.0,0.06,0.0,0.0
442,443,Guido Rodríguez,ARG,MF,West Ham,30,1994,23,16,1149,12.8,0,1,1,0,0,0,6,0,0.2,0.2,0.2,0.4,4,33,7,0.0,0.08,0.08,0.0,0.08,0.02,0.01,0.03,0.02,0.03,-0.2,0.8
443,444,Mads Roerslev,DEN,DF,Brentford,25,1999,19,11,1101,12.2,0,2,2,0,0,0,2,0,0.2,0.2,3.0,3.2,17,51,54,0.0,0.16,0.16,0.0,0.16,0.02,0.24,0.26,0.02,0.26,-0.2,-1.0
444,445,Morgan Rogers,ENG,"FW,MF",Aston Villa,22,2002,37,37,3114,34.6,8,10,18,8,0,0,10,0,6.6,6.6,7.8,14.4,114,123,188,0.23,0.29,0.52,0.23,0.52,0.19,0.23,0.42,0.19,0.42,1.4,2.2
445,446,Cristian Romero,ARG,DF,Tottenham,26,1998,18,18,1416,15.7,1,0,1,1,0,0,3,0,1.6,1.6,0.6,2.2,12,71,3,0.06,0.0,0.06,0.06,0.06,0.1,0.04,0.14,0.1,0.14,-0.6,-0.6
446,447,Georginio Rutter,FRA,"MF,FW",Brighton,22,2002,28,19,1656,18.4,5,3,8,5,0,0,2,0,4.6,4.6,2.5,7.1,42,67,79,0.27,0.16,0.43,0.27,0.43,0.25,0.14,0.39,0.25,0.39,0.4,0.5
447,448,José Sá,POR,GK,Wolves,31,1993,29,29,2609,29.0,0,0,0,0,0,0,2,0,0.0,0.0,0.2,0.2,0,2,0,0.0,0.0,0.0,0.0,0.0,0.0,0.01,0.01,0.0,0.01,0.0,-0.2
448,449,Bukayo Saka,ENG,"FW,MF",Arsenal,22,2001,25,20,1729,19.2,6,10,16,5,1,1,3,0,6.8,6.0,7.6,13.7,96,70,255,0.31,0.52,0.83,0.26,0.78,0.36,0.4,0.75,0.31,0.71,-0.8,2.4
449,450,Mohamed Salah,EGY,FW,Liverpool,32,1992,38,38,3371,37.5,29,18,47,20,9,9,1,0,25.2,18.2,14.2,32.4,155,144,488,0.77,0.48,1.25,0.53,1.01,0.67,0.38,1.05,0.49,0.87,3.8,3.8
450,451,William Saliba,FRA,DF,Arsenal,23,2001,35,35,3039,33.8,2,0,2,2,0,0,2,1,2.3,2.3,0.9,3.1,16,138,6,0.06,0.0,0.06,0.06,0.06,0.07,0.03,0.09,0.07,0.09,-0.3,-0.9
451,452,Robert Sánchez,ESP,GK,Chelsea,26,1997,32,32,2880,32.0,0,0,0,0,0,0,5,0,0.0,0.0,0.1,0.1,0,1,0,0.0,0.0,0.0,0.0,0.0,0.0,0.0,0.0,0.0,0.0,0.0,-0.1
452,453,Jadon Sancho,ENG,FW,Chelsea,24,2000,31,19,1764,19.6,3,4,7,3,0,0,2,0,2.2,2.2,3.7,5.8,102,90,225,0.15,0.2,0.36,0.15,0.36,0.11,0.19,0.3,0.11,0.3,0.8,0.3
453,454,Ibrahim Sangaré,CIV,MF,Nott'ham Forest,26,1997,13,7,590,6.6,0,1,1,0,0,0,3,0,0.0,0.0,0.4,0.4,1,27,4,0.0,0.15,0.15,0.0,0.15,0.0,0.06,0.06,0.0,0.06,0.0,0.6
454,455,Pablo Sarabia,ESP,"MF,FW",Wolves,32,1992,23,7,814,9.0,3,2,5,3,0,0,3,0,2.9,2.9,1.8,4.6,15,60,62,0.33,0.22,0.55,0.33,0.55,0.32,0.19,0.51,0.32,0.51,0.1,0.2
455,456,Jeremy Sarmiento,ECU,MF,Brighton,22,2002,1,0,9,0.1,0,0,0,0,0,0,0,0,0.0,0.0,0.0,0.0,0,0,2,0.0,0.0,0.0,0.0,0.0,0.0,0.0,0.0,0.0,0.0,0.0,0.0
456,457,Ismaila Sarr,SEN,MF,Crystal Palace,26,1998,38,30,2711,30.1,8,6,14,8,0,0,4,0,10.7,10.7,8.5,19.2,75,85,183,0.27,0.2,0.46,0.27,0.46,0.35,0.28,0.64,0.35,0.64,-2.7,-2.5
457,458,Sávio,BRA,"FW,MF",Manchester City,20,2004,29,21,1766,19.6,1,8,9,1,0,0,3,0,5.0,5.0,6.9,11.9,137,67,246,0.05,0.41,0.46,0.05,0.46,0.26,0.35,0.61,0.26,0.61,-4.0,1.1
458,459,Oliver Scarles,ENG,"DF,FW",West Ham,18,2005,15,7,665,7.4,0,0,0,0,0,0,1,0,0.1,0.1,0.1,0.2,12,22,44,0.0,0.0,0.0,0.0,0.0,0.01,0.01,0.03,0.01,0.03,-0.1,-0.1
459,460,Dane Scarlett,ENG,"FW,MF",Tottenham,20,2004,3,0,34,0.4,0,1,1,0,0,0,0,0,0.0,0.0,0.0,0.1,1,1,1,0.0,2.65,2.65,0.0,2.65,0.09,0.12,0.22,0.09,0.22,0.0,1.0
460,461,Kevin Schade,GER,FW,Brentford,22,2001,38,26,2293,25.5,11,2,13,11,0,0,3,0,8.2,8.2,3.7,11.9,61,38,165,0.43,0.08,0.51,0.43,0.51,0.32,0.14,0.47,0.32,0.47,2.8,-1.7
461,462,Fabian Schär,SUI,DF,Newcastle Utd,32,1991,34,33,2934,32.6,4,0,4,4,0,0,9,1,3.7,3.7,0.4,4.1,18,118,22,0.12,0.0,0.12,0.12,0.12,0.11,0.01,0.13,0.11,0.13,0.3,-0.4
462,463,Jeffrey Schlupp,GHA,"MF,DF",Crystal Palace,31,1992,12,0,103,1.1,0,0,0,0,0,0,0,0,0.2,0.2,0.2,0.3,4,5,9,0.0,0.0,0.0,0.0,0.0,0.14,0.14,0.28,0.14,0.28,-0.2,-0.2
463,464,Alex Scott,ENG,MF,Bournemouth,20,2003,20,8,755,8.4,0,0,0,0,0,0,3,0,0.7,0.7,0.9,1.6,15,52,33,0.0,0.0,0.0,0.0,0.0,0.09,0.11,0.19,0.09,0.19,-0.7,-0.9
464,465,Matz Sels,BEL,GK,Nott'ham Forest,32,1992,38,38,3420,38.0,0,0,0,0,0,0,4,0,0.0,0.0,0.4,0.4,1,2,0,0.0,0.0,0.0,0.0,0.0,0.0,0.01,0.01,0.0,0.01,0.0,-0.4
465,466,Nélson Semedo,POR,DF,Wolves,30,1993,34,32,2886,32.1,0,4,4,0,0,0,8,0,0.9,0.9,2.8,3.7,67,80,119,0.0,0.12,0.12,0.0,0.12,0.03,0.09,0.12,0.03,0.12,-0.9,1.2
466,467,Antoine Semenyo,GHA,FW,Bournemouth,24,2000,37,36,3203,35.6,11,5,16,11,0,0,9,0,10.0,10.0,5.8,15.8,140,109,282,0.31,0.14,0.45,0.31,0.45,0.28,0.16,0.44,0.28,0.44,1.0,-0.8
467,468,Marcos Senesi,ARG,DF,Bournemouth,27,1997,17,13,1106,12.3,0,0,0,0,0,0,5,0,0.8,0.8,0.2,1.1,12,62,7,0.0,0.0,0.0,0.0,0.0,0.07,0.02,0.09,0.07,0.09,-0.8,-0.2
468,469,Ryan Sessegnon,ENG,"FW,DF",Fulham,24,2000,16,7,580,6.4,4,2,6,4,0,0,1,0,1.6,1.6,1.1,2.7,18,22,59,0.62,0.31,0.93,0.62,0.93,0.25,0.17,0.42,0.25,0.42,2.4,0.9
469,470,Luke Shaw,ENG,DF,Manchester Utd,29,1995,7,4,349,3.9,0,0,0,0,0,0,1,0,0.0,0.0,0.7,0.7,7,24,7,0.0,0.0,0.0,0.0,0.0,0.01,0.18,0.19,0.01,0.19,0.0,-0.7
470,471,Zain Silcott-Duberry,MSR,FW,Bournemouth,19,2005,1,0,1,0.0,0,0,0,0,0,0,0,0,0.0,0.0,0.0,0.0,0,0,0,0.0,0.0,0.0,0.0,0.0,0.0,0.0,0.0,0.0,0.0,0.0,0.0
471,472,Bernardo Silva,POR,"MF,FW",Manchester City,29,1994,33,29,2670,29.7,4,4,8,4,0,0,7,0,3.9,3.9,5.1,9.0,101,134,200,0.13,0.13,0.27,0.13,0.27,0.13,0.17,0.3,0.13,0.3,0.1,-1.1
472,473,Jota Silva,POR,"FW,MF",Nott'ham Forest,24,1999,31,5,854,9.5,3,1,4,3,0,0,5,0,2.1,2.1,2.9,5.0,21,18,59,0.32,0.11,0.42,0.32,0.42,0.22,0.3,0.53,0.22,0.53,0.9,-1.9
473,474,Eric da Silva Moreira,GER,"MF,DF",Nott'ham Forest,18,2006,2,0,30,0.3,0,0,0,0,0,0,0,0,0.0,0.0,0.0,0.0,1,0,1,0.0,0.0,0.0,0.0,0.0,0.0,0.0,0.0,0.0,0.0,0.0,0.0
474,475,Jahmai Simpson-Pusey,ENG,DF,Manchester City,18,2005,2,1,96,1.1,0,0,0,0,0,0,1,0,0.0,0.0,0.0,0.0,1,3,0,0.0,0.0,0.0,0.0,0.0,0.0,0.0,0.0,0.0,0.0,0.0,0.0
475,476,Luis Sinisterra,COL,"FW,MF",Bournemouth,25,1999,12,1,236,2.6,1,1,2,1,0,0,0,0,1.2,1.2,1.4,2.6,19,6,38,0.38,0.38,0.76,0.38,0.76,0.46,0.54,1.0,0.46,1.0,-0.2,-0.4
476,477,Oliver Skipp,ENG,MF,Leicester City,23,2000,24,10,1129,12.5,0,0,0,0,0,0,8,0,0.4,0.4,0.3,0.6,16,35,19,0.0,0.0,0.0,0.0,0.0,0.03,0.02,0.05,0.03,0.05,-0.4,-0.3
477,478,William Smallbone,IRL,MF,Southampton,24,2000,18,6,690,7.7,1,0,1,1,0,0,1,0,0.6,0.6,0.7,1.3,5,27,25,0.13,0.0,0.13,0.13,0.13,0.07,0.1,0.17,0.07,0.17,0.4,-0.7
478,479,Adam Smith,ENG,DF,Bournemouth,33,1991,25,19,1590,17.7,0,0,0,0,0,0,7,0,0.7,0.7,0.4,1.1,15,49,34,0.0,0.0,0.0,0.0,0.0,0.04,0.02,0.06,0.04,0.06,-0.7,-0.4
479,480,Emile Smith Rowe,ENG,MF,Fulham,24,2000,34,25,2043,22.7,6,3,9,6,0,0,3,0,4.5,4.5,1.4,6.0,53,126,127,0.26,0.13,0.4,0.26,0.4,0.2,0.06,0.26,0.2,0.26,1.5,1.6
480,481,Dominic Solanke,ENG,FW,Tottenham,26,1997,27,25,2201,24.5,9,3,12,8,1,1,0,0,10.9,10.1,2.9,13.1,31,47,88,0.37,0.12,0.49,0.33,0.45,0.45,0.12,0.57,0.41,0.54,-1.9,0.1
481,482,Carlos Soler,ESP,"MF,FW",West Ham,27,1997,31,14,1409,15.7,1,1,2,1,0,0,6,0,1.8,1.8,1.4,3.2,17,56,37,0.06,0.06,0.13,0.06,0.13,0.12,0.09,0.21,0.12,0.21,-0.8,-0.4
482,483,Julio Soler,ARG,"DF,FW",Bournemouth,19,2005,3,0,11,0.1,0,0,0,0,0,0,0,0,0.0,0.0,0.0,0.0,0,0,2,0.0,0.0,0.0,0.0,0.0,0.0,0.0,0.0,0.0,0.0,0.0,0.0
483,484,Ramón Sosa,PAR,"FW,MF",Nott'ham Forest,24,1999,19,1,295,3.3,1,0,1,1,0,0,1,0,1.0,1.0,0.5,1.5,12,6,17,0.31,0.0,0.31,0.31,0.31,0.31,0.15,0.45,0.31,0.45,0.0,-0.5
484,485,Tomáš Souček,CZE,MF,West Ham,29,1995,35,30,2567,28.5,9,1,10,9,0,0,8,0,6.7,6.7,1.0,7.8,9,74,68,0.32,0.04,0.35,0.32,0.35,0.24,0.04,0.27,0.24,0.27,2.3,0.0
485,486,Boubakary Soumaré,FRA,MF,Leicester City,25,1999,31,25,2171,24.1,0,0,0,0,0,0,8,0,0.3,0.3,0.4,0.7,34,105,23,0.0,0.0,0.0,0.0,0.0,0.01,0.02,0.03,0.01,0.03,-0.3,-0.4
486,487,Djed Spence,ENG,DF,Tottenham,23,2000,25,19,1792,19.9,1,2,3,1,0,0,4,1,0.6,0.6,1.8,2.3,59,105,70,0.05,0.1,0.15,0.05,0.15,0.03,0.09,0.12,0.03,0.12,0.4,0.2
487,488,Jay Stansfield,ENG,MF,Fulham,21,2002,1,0,1,0.0,0,0,0,0,0,0,0,0,0.0,0.0,0.0,0.0,0,0,0,0.0,0.0,0.0,0.0,0.0,0.0,0.0,0.0,0.0,0.0,0.0,0.0
488,489,Jason Steele,ENG,GK,Brighton,33,1990,2,2,180,2.0,0,0,0,0,0,0,0,0,0.0,0.0,0.0,0.0,0,0,0,0.0,0.0,0.0,0.0,0.0,0.0,0.0,0.0,0.0,0.0,0.0,0.0
489,490,Jack Stephens,ENG,DF,Southampton,30,1994,19,17,1389,15.4,1,0,1,1,0,0,2,2,0.6,0.6,0.2,0.7,14,63,2,0.06,0.0,0.06,0.06,0.06,0.04,0.01,0.05,0.04,0.05,0.4,-0.2
490,491,Raheem Sterling,ENG,"FW,MF",Arsenal,29,1994,17,7,499,5.5,0,2,2,0,0,0,1,0,1.4,1.4,0.5,1.9,27,18,79,0.0,0.36,0.36,0.0,0.36,0.26,0.09,0.34,0.26,0.34,-1.4,1.5
491,492,Ross Stewart,SCO,FW,Southampton,28,1996,12,4,389,4.3,1,0,1,1,0,0,1,0,1.1,1.1,0.0,1.1,3,2,10,0.23,0.0,0.23,0.23,0.23,0.25,0.0,0.25,0.25,0.25,-0.1,0.0
492,493,Jakub Stolarczyk,POL,GK,Leicester City,23,2000,10,10,900,10.0,0,0,0,0,0,0,1,0,0.0,0.0,0.0,0.0,0,1,0,0.0,0.0,0.0,0.0,0.0,0.0,0.0,0.0,0.0,0.0,0.0,0.0
493,494,John Stones,ENG,"DF,MF",Manchester City,30,1994,11,6,548,6.1,2,0,2,2,0,0,1,0,0.4,0.4,0.1,0.5,10,21,2,0.33,0.0,0.33,0.33,0.33,0.07,0.01,0.08,0.07,0.08,1.6,-0.1
494,495,Jørgen Strand Larsen,NOR,FW,Wolves,24,2000,35,30,2587,28.7,14,4,18,14,0,0,4,0,10.3,10.3,3.0,13.3,17,29,112,0.49,0.14,0.63,0.49,0.63,0.36,0.1,0.46,0.36,0.46,3.7,1.0
495,496,Yukinari Sugawara,JPN,"DF,MF",Southampton,24,2000,30,16,1557,17.3,1,1,2,1,0,0,4,0,0.5,0.5,2.2,2.7,33,72,78,0.06,0.06,0.12,0.06,0.12,0.03,0.13,0.16,0.03,0.16,0.5,-1.2
496,497,Kamaldeen Sulemana,GHA,"FW,MF",Southampton,22,2002,26,17,1402,15.6,1,1,2,1,0,0,2,0,1.5,1.5,1.0,2.5,63,27,87,0.06,0.06,0.13,0.06,0.13,0.1,0.06,0.16,0.1,0.16,-0.5,0.0
497,498,Crysencio Summerville,NED,"FW,MF",West Ham,22,2001,19,7,786,8.7,1,1,2,1,0,0,2,0,1.6,1.6,1.7,3.3,29,18,71,0.11,0.11,0.23,0.11,0.23,0.19,0.19,0.38,0.19,0.38,-0.6,-0.7
498,499,Sammie Szmodics,IRL,"FW,MF",Ipswich Town,28,1995,20,13,992,11.0,4,0,4,4,0,0,2,0,3.4,3.4,0.2,3.6,16,19,47,0.36,0.0,0.36,0.36,0.36,0.31,0.02,0.33,0.31,0.33,0.6,-0.2
499,500,Dominik Szoboszlai,HUN,MF,Liverpool,23,2000,36,29,2491,27.7,6,6,12,6,0,0,6,0,7.3,7.3,7.4,14.7,72,131,127,0.22,0.22,0.43,0.22,0.43,0.27,0.27,0.53,0.27,0.53,-1.3,-1.4
500,501,Matt Targett,ENG,DF,Newcastle Utd,28,1995,2,0,21,0.2,0,0,0,0,0,0,0,0,0.0,0.0,0.0,0.0,0,0,1,0.0,0.0,0.0,0.0,0.0,0.0,0.0,0.0,0.0,0.0,0.0,0.0
501,502,James Tarkowski,ENG,DF,Everton,31,1992,33,33,2922,32.5,1,1,2,1,0,0,6,0,1.3,1.3,2.9,4.2,9,75,3,0.03,0.03,0.06,0.03,0.06,0.04,0.09,0.13,0.04,0.13,-0.3,-1.9
502,503,Marcus Tavernier,ENG,"FW,MF",Bournemouth,25,1999,29,20,1939,21.5,3,5,8,3,0,0,6,0,5.5,5.5,4.0,9.5,53,128,129,0.14,0.23,0.37,0.14,0.37,0.25,0.19,0.44,0.25,0.44,-2.5,1.0
503,504,Charlie Taylor,ENG,DF,Southampton,30,1993,8,3,356,4.0,0,0,0,0,0,0,1,0,0.0,0.0,0.1,0.1,3,9,7,0.0,0.0,0.0,0.0,0.0,0.0,0.02,0.02,0.0,0.02,0.0,-0.1
504,505,Jack Taylor,IRL,MF,Ipswich Town,26,1998,32,4,860,9.6,1,0,1,1,0,0,4,0,0.7,0.7,0.5,1.3,11,43,23,0.1,0.0,0.1,0.1,0.1,0.08,0.06,0.13,0.08,0.13,0.3,-0.5
505,506,Mathys Tel,FRA,FW,Tottenham,19,2005,13,11,911,10.1,2,1,3,1,1,1,2,0,3.0,2.2,2.6,4.7,28,21,72,0.2,0.1,0.3,0.1,0.2,0.29,0.25,0.55,0.22,0.47,-1.0,-1.6
506,507,Kenny Tete,NED,DF,Fulham,28,1995,22,21,1774,19.7,0,2,2,0,0,0,5,0,1.4,1.4,0.9,2.3,34,63,54,0.0,0.1,0.1,0.0,0.1,0.07,0.05,0.12,0.07,0.12,-1.4,1.1
507,508,Thiago,BRA,"FW,MF",Brentford,23,2001,8,1,175,1.9,0,0,0,0,0,0,0,0,0.1,0.1,0.1,0.2,3,4,8,0.0,0.0,0.0,0.0,0.0,0.07,0.04,0.1,0.07,0.1,-0.1,-0.1
508,509,Luke Thomas,ENG,DF,Leicester City,23,2001,14,13,1110,12.3,0,0,0,0,0,0,3,0,0.4,0.4,0.5,0.9,5,37,16,0.0,0.0,0.0,0.0,0.0,0.03,0.04,0.07,0.03,0.07,-0.4,-0.5
509,510,Youri Tielemans,BEL,MF,Aston Villa,27,1997,36,35,3026,33.6,3,7,10,3,0,1,4,0,3.3,2.5,7.0,9.5,39,235,48,0.09,0.21,0.3,0.09,0.3,0.1,0.21,0.31,0.07,0.28,-0.3,0.0
510,511,Kieran Tierney,SCO,"DF,FW",Arsenal,27,1997,13,2,259,2.9,1,0,1,1,0,0,0,0,0.4,0.4,1.4,1.7,8,15,29,0.35,0.0,0.35,0.35,0.35,0.12,0.48,0.6,0.12,0.6,0.6,-1.4
511,512,Jurriën Timber,NED,DF,Arsenal,23,2001,30,27,2417,26.9,1,3,4,1,0,0,7,0,1.2,1.2,0.8,2.1,57,146,104,0.04,0.11,0.15,0.04,0.15,0.05,0.03,0.08,0.05,0.08,-0.2,2.2
512,513,Jean-Clair Todibo,FRA,DF,West Ham,24,1999,27,20,1825,20.3,0,0,0,0,0,0,3,0,0.4,0.4,0.0,0.4,9,38,5,0.0,0.0,0.0,0.0,0.0,0.02,0.0,0.02,0.02,0.02,-0.4,0.0
513,514,Harry Toffolo,ENG,DF,Nott'ham Forest,28,1995,4,1,137,1.5,0,0,0,0,0,0,1,0,0.0,0.0,0.0,0.0,0,2,4,0.0,0.0,0.0,0.0,0.0,0.01,0.0,0.01,0.01,0.01,0.0,0.0
514,515,Takehiro Tomiyasu,JPN,DF,Arsenal,25,1998,1,0,7,0.1,0,0,0,0,0,0,0,0,0.2,0.2,0.0,0.2,0,1,0,0.0,0.0,0.0,0.0,0.0,2.37,0.0,2.37,2.37,2.37,-0.2,0.0
515,516,Sandro Tonali,ITA,MF,Newcastle Utd,24,2000,36,28,2630,29.2,4,2,6,4,0,0,5,0,4.4,4.4,2.2,6.6,37,128,53,0.14,0.07,0.21,0.14,0.21,0.15,0.07,0.22,0.15,0.22,-0.4,-0.2
516,517,Pau Torres,ESP,DF,Aston Villa,27,1997,24,23,2020,22.4,0,0,0,0,0,0,2,0,0.5,0.5,0.1,0.6,40,97,8,0.0,0.0,0.0,0.0,0.0,0.02,0.01,0.03,0.02,0.03,-0.5,-0.1
517,518,Conor Townsend,ENG,DF,Ipswich Town,31,1993,6,3,335,3.7,0,1,1,0,0,0,1,0,0.0,0.0,0.7,0.7,2,8,13,0.0,0.27,0.27,0.0,0.27,0.01,0.18,0.18,0.01,0.18,0.0,0.3
518,519,Adama Traoré,ESP,"FW,MF",Fulham,28,1996,36,18,1772,19.7,2,7,9,2,0,0,3,0,4.0,4.0,4.9,8.9,100,68,161,0.1,0.36,0.46,0.1,0.46,0.2,0.25,0.45,0.2,0.45,-2.0,2.1
519,520,Boubacar Traoré,MLI,MF,Wolves,22,2001,1,0,1,0.0,0,0,0,0,0,0,0,0,0.0,0.0,0.0,0.0,0,0,0,0.0,0.0,0.0,0.0,0.0,0.0,0.0,0.0,0.0,0.0,0.0,0.0
520,521,Mark Travers,IRL,GK,Bournemouth,25,1999,5,5,450,5.0,0,0,0,0,0,0,0,0,0.0,0.0,0.0,0.0,0,0,0,0.0,0.0,0.0,0.0,0.0,0.0,0.0,0.0,0.0,0.0,0.0,0.0
521,522,Ryan Trevitt,ENG,MF,Brentford,21,2003,1,0,4,0.0,0,0,0,0,0,0,0,0,0.0,0.0,0.0,0.0,0,0,1,0.0,0.0,0.0,0.0,0.0,0.0,0.0,0.0,0.0,0.0,0.0,0.0
522,523,Kieran Trippier,ENG,DF,Newcastle Utd,33,1990,25,14,1309,14.5,0,3,3,0,0,0,1,0,0.1,0.1,1.4,1.5,26,117,58,0.0,0.21,0.21,0.0,0.21,0.01,0.1,0.1,0.01,0.1,-0.1,1.6
523,524,Leandro Trossard,BEL,FW,Arsenal,29,1994,38,28,2546,28.3,8,7,15,8,0,0,4,1,7.2,7.2,6.1,13.3,80,101,226,0.28,0.25,0.53,0.28,0.53,0.25,0.22,0.47,0.25,0.47,0.8,0.9
524,525,Kostas Tsimikas,GRE,DF,Liverpool,28,1996,18,9,837,9.3,0,1,1,0,0,0,2,0,0.4,0.4,2.1,2.5,17,76,43,0.0,0.11,0.11,0.0,0.11,0.04,0.23,0.27,0.04,0.27,-0.4,-1.1
525,526,Axel Tuanzebe,COD,DF,Ipswich Town,26,1997,22,20,1710,19.0,0,1,1,0,0,0,5,1,0.2,0.2,0.3,0.5,10,61,15,0.0,0.05,0.05,0.0,0.05,0.01,0.02,0.03,0.01,0.03,-0.2,0.7
526,527,Destiny Udogie,ITA,DF,Tottenham,21,2002,25,24,1924,21.4,0,1,1,0,0,0,2,0,0.3,0.3,1.5,1.8,54,121,94,0.0,0.05,0.05,0.0,0.05,0.01,0.07,0.08,0.01,0.08,-0.3,-0.5
527,528,Manuel Ugarte Ribeiro,URU,MF,Manchester Utd,23,2001,29,22,1785,19.8,1,2,3,1,0,0,11,0,1.0,1.0,1.1,2.1,16,61,20,0.05,0.1,0.15,0.05,0.15,0.05,0.06,0.11,0.05,0.11,0.0,0.9
528,529,Lesley Ugochukwu,FRA,MF,Southampton,20,2004,26,18,1655,18.4,1,1,2,1,0,0,7,0,0.9,0.9,1.0,1.9,29,49,20,0.05,0.05,0.11,0.05,0.11,0.05,0.06,0.1,0.05,0.1,0.1,0.0
529,530,Enes Ünal,TUR,"FW,MF",Bournemouth,27,1997,17,2,345,3.8,2,1,3,2,0,0,2,0,2.7,2.7,0.4,3.1,4,12,22,0.52,0.26,0.78,0.52,0.78,0.72,0.1,0.82,0.72,0.82,-0.7,0.6
530,531,Virgil van Dijk,NED,DF,Liverpool,33,1991,37,37,3330,37.0,3,1,4,3,0,0,5,0,2.2,2.2,0.7,3.0,22,198,6,0.08,0.03,0.11,0.08,0.11,0.06,0.02,0.08,0.06,0.08,0.8,0.3
531,532,Jamie Vardy,ENG,FW,Leicester City,37,1987,35,35,2823,31.4,9,4,13,8,1,2,5,0,11.2,9.6,3.0,12.6,29,22,120,0.29,0.13,0.41,0.26,0.38,0.36,0.1,0.45,0.31,0.4,-2.2,1.0
532,533,Renato Veiga,POR,"DF,MF",Chelsea,21,2003,7,1,181,2.0,0,0,0,0,0,0,2,0,0.1,0.1,0.0,0.1,4,7,3,0.0,0.0,0.0,0.0,0.0,0.07,0.0,0.07,0.07,0.07,-0.1,0.0
533,534,Joël Veltman,NED,DF,Brighton,32,1992,21,19,1697,18.9,0,0,0,0,0,0,5,0,0.5,0.5,0.5,0.9,32,85,34,0.0,0.0,0.0,0.0,0.0,0.02,0.02,0.05,0.02,0.05,-0.5,-0.5
534,535,Micky van de Ven,NED,DF,Tottenham,23,2001,13,12,1015,11.3,0,2,2,0,0,0,4,0,0.6,0.6,1.2,1.7,8,51,1,0.0,0.18,0.18,0.0,0.18,0.05,0.1,0.15,0.05,0.15,-0.6,0.8
535,536,Bart Verbruggen,NED,GK,Brighton,21,2002,36,36,3240,36.0,0,1,1,0,0,0,5,0,0.0,0.0,0.0,0.0,0,2,0,0.0,0.03,0.03,0.0,0.03,0.0,0.0,0.0,0.0,0.0,0.0,1.0
536,537,Jannik Vestergaard,DEN,DF,Leicester City,31,1992,18,16,1391,15.5,0,0,0,0,0,0,5,0,0.1,0.1,0.1,0.2,3,32,2,0.0,0.0,0.0,0.0,0.0,0.01,0.01,0.01,0.01,0.01,-0.1,-0.1
537,538,Guglielmo Vicario,ITA,GK,Tottenham,27,1996,24,24,2160,24.0,0,0,0,0,0,0,1,0,0.0,0.0,0.0,0.0,0,1,0,0.0,0.0,0.0,0.0,0.0,0.0,0.0,0.0,0.0,0.0,0.0,0.0
538,539,Carlos Vinícius,BRA,"MF,FW",Fulham,29,1995,3,0,16,0.2,0,0,0,0,0,0,0,0,0.0,0.0,0.0,0.0,1,0,3,0.0,0.0,0.0,0.0,0.0,0.21,0.0,0.21,0.21,0.21,0.0,0.0
539,540,Kyle Walker,ENG,DF,Manchester City,34,1990,15,9,970,10.8,0,0,0,0,0,0,3,0,0.1,0.1,0.4,0.6,12,64,11,0.0,0.0,0.0,0.0,0.0,0.01,0.04,0.05,0.01,0.05,-0.1,-0.4
540,541,Kyle Walker-Peters,ENG,DF,Southampton,27,1997,33,33,2918,32.4,0,2,2,0,0,0,5,0,0.8,0.8,2.8,3.6,114,139,144,0.0,0.06,0.06,0.0,0.06,0.03,0.09,0.11,0.03,0.11,-0.8,-0.8
541,542,Christian Walton,ENG,GK,Ipswich Town,28,1995,7,7,630,7.0,0,0,0,0,0,0,0,0,0.0,0.0,0.0,0.0,0,0,0,0.0,0.0,0.0,0.0,0.0,0.0,0.0,0.0,0.0,0.0,0.0,0.0
542,543,Aaron Wan-Bissaka,ENG,DF,West Ham,26,1997,36,35,3154,35.0,2,5,7,2,0,0,1,0,1.2,1.2,3.5,4.7,110,149,167,0.06,0.14,0.2,0.06,0.2,0.03,0.1,0.14,0.03,0.14,0.8,1.5
543,544,Danny Ward,WAL,GK,Leicester City,31,1993,2,1,135,1.5,0,0,0,0,0,0,0,0,0.0,0.0,0.0,0.0,0,0,0,0.0,0.0,0.0,0.0,0.0,0.0,0.0,0.0,0.0,0.0,0.0,0.0
544,545,Joel Ward,ENG,DF,Crystal Palace,34,1989,2,1,71,0.8,0,0,0,0,0,0,1,0,0.0,0.0,0.0,0.0,0,1,1,0.0,0.0,0.0,0.0,0.0,0.0,0.06,0.06,0.0,0.06,0.0,0.0
545,546,James Ward-Prowse,ENG,MF,West Ham,29,1994,15,12,1039,11.5,1,1,2,1,0,0,2,0,1.6,1.6,1.9,3.6,11,54,9,0.09,0.09,0.17,0.09,0.17,0.14,0.17,0.31,0.14,0.31,-0.6,-0.9
546,547,James Ward-Prowse,ENG,MF,Nott'ham Forest,29,1994,9,5,400,4.4,0,1,1,0,0,0,2,1,0.1,0.1,1.1,1.2,1,16,3,0.0,0.23,0.23,0.0,0.23,0.01,0.25,0.26,0.01,0.26,-0.1,-0.1
547,548,Ollie Watkins,ENG,FW,Aston Villa,28,1995,38,31,2598,28.9,16,8,24,14,2,2,2,0,15.3,13.8,3.3,17.1,55,31,165,0.55,0.28,0.83,0.48,0.76,0.53,0.12,0.65,0.48,0.59,0.7,4.7
548,549,Adam Webster,ENG,DF,Brighton,29,1995,14,11,887,9.9,0,0,0,0,0,0,1,0,0.2,0.2,0.5,0.7,8,63,2,0.0,0.0,0.0,0.0,0.0,0.03,0.05,0.08,0.03,0.08,-0.2,-0.5
549,550,Danny Welbeck,ENG,FW,Brighton,33,1990,30,24,2115,23.5,10,4,14,9,1,1,5,0,9.6,8.8,1.4,10.1,21,47,95,0.43,0.17,0.6,0.38,0.55,0.41,0.06,0.46,0.37,0.43,0.4,2.6
550,551,Welington,BRA,DF,Southampton,23,2001,10,6,482,5.4,0,0,0,0,0,0,1,0,0.0,0.0,0.1,0.1,5,11,19,0.0,0.0,0.0,0.0,0.0,0.01,0.01,0.02,0.01,0.02,0.0,-0.1
551,552,Timo Werner,GER,"FW,MF",Tottenham,28,1996,18,4,516,5.7,0,3,3,0,0,0,0,0,1.0,1.0,2.5,3.5,42,30,89,0.0,0.52,0.52,0.0,0.52,0.17,0.44,0.61,0.17,0.61,-1.0,0.5
552,553,Adam Wharton,ENG,MF,Crystal Palace,20,2004,20,16,1318,14.6,0,2,2,0,0,0,2,0,0.4,0.4,3.0,3.4,14,107,11,0.0,0.14,0.14,0.0,0.14,0.03,0.21,0.23,0.03,0.23,-0.4,-1.0
553,554,Ben White,ENG,DF,Arsenal,26,1997,17,13,1198,13.3,0,2,2,0,0,0,2,0,0.5,0.5,1.4,1.8,23,59,42,0.0,0.15,0.15,0.0,0.15,0.03,0.1,0.14,0.03,0.14,-0.5,0.6
554,555,Mats Wieffer,NED,"DF,MF",Brighton,24,1999,25,10,1015,11.3,1,3,4,1,0,0,6,0,0.8,0.8,1.6,2.4,18,62,23,0.09,0.27,0.35,0.09,0.35,0.07,0.14,0.21,0.07,0.21,0.2,1.4
555,556,Neco Williams,WAL,DF,Nott'ham Forest,23,2001,35,28,2594,28.8,1,3,4,1,0,0,7,0,2.3,2.3,1.6,3.9,68,89,103,0.03,0.1,0.14,0.03,0.14,0.08,0.05,0.13,0.08,0.13,-1.3,1.4
556,557,Willian,BRA,"FW,MF",Fulham,35,1988,10,2,257,2.9,0,0,0,0,0,0,0,0,0.3,0.3,0.5,0.8,11,40,33,0.0,0.0,0.0,0.0,0.0,0.1,0.18,0.28,0.1,0.28,-0.3,-0.5
557,558,Joe Willock,ENG,"MF,FW",Newcastle Utd,24,1999,32,11,1086,12.1,0,2,2,0,0,0,4,0,1.6,1.6,2.1,3.8,38,41,86,0.0,0.17,0.17,0.0,0.17,0.14,0.18,0.31,0.14,0.31,-1.6,-0.1
558,559,Callum Wilson,ENG,FW,Newcastle Utd,32,1992,18,2,370,4.1,0,0,0,0,0,0,1,0,0.4,0.4,0.1,0.5,5,4,17,0.0,0.0,0.0,0.0,0.0,0.09,0.03,0.12,0.09,0.12,-0.4,-0.1
559,560,Harry Wilson,WAL,"FW,MF",Fulham,27,1997,25,12,1162,12.9,6,1,7,6,0,0,2,0,4.2,4.2,1.1,5.3,22,51,96,0.46,0.08,0.54,0.46,0.54,0.33,0.09,0.41,0.33,0.41,1.8,-0.1
560,561,Harry Winks,ENG,MF,Leicester City,28,1996,22,17,1538,17.1,0,2,2,0,0,0,4,0,0.2,0.2,1.2,1.5,19,101,11,0.0,0.12,0.12,0.0,0.12,0.01,0.07,0.09,0.01,0.09,-0.2,0.8
561,562,Ben Winterburn,ENG,"MF,FW",Bournemouth,19,2004,4,0,24,0.3,0,0,0,0,0,0,0,0,0.0,0.0,0.0,0.0,2,0,2,0.0,0.0,0.0,0.0,0.0,0.0,0.0,0.0,0.0,0.0,0.0,0.0
562,563,Yoane Wissa,COD,FW,Brentford,27,1996,35,34,2919,32.4,19,4,23,19,0,0,5,0,18.5,18.5,2.6,21.1,60,67,154,0.59,0.12,0.71,0.59,0.71,0.57,0.08,0.65,0.57,0.65,0.5,1.4
563,564,Chris Wood,NZL,FW,Nott'ham Forest,32,1991,36,35,2959,32.9,20,3,23,17,3,3,1,0,13.4,11.0,2.6,13.6,14,42,94,0.61,0.09,0.7,0.52,0.61,0.41,0.08,0.49,0.34,0.42,6.6,0.4
564,565,Nathan Wood-Gordon,ENG,DF,Southampton,22,2002,11,9,773,8.6,0,0,0,0,0,0,2,0,0.2,0.2,0.0,0.3,2,17,0,0.0,0.0,0.0,0.0,0.0,0.03,0.0,0.03,0.03,0.03,-0.2,0.0
565,566,Luke Woolfenden,ENG,DF,Ipswich Town,25,1998,15,12,1187,13.2,0,0,0,0,0,0,2,0,0.0,0.0,0.0,0.0,7,15,0,0.0,0.0,0.0,0.0,0.0,0.0,0.0,0.0,0.0,0.0,0.0,0.0
566,567,Yehor Yarmoliuk,UKR,MF,Brentford,20,2004,31,15,1450,16.1,0,0,0,0,0,0,6,0,0.6,0.6,0.9,1.5,15,63,47,0.0,0.0,0.0,0.0,0.0,0.04,0.05,0.09,0.04,0.09,-0.6,-0.9
567,568,Ryan Yates,ENG,MF,Nott'ham Forest,26,1997,35,18,1915,21.3,2,1,3,2,0,0,10,0,2.3,2.3,1.2,3.5,18,53,16,0.09,0.05,0.14,0.09,0.14,0.11,0.05,0.16,0.11,0.16,-0.3,-0.2
568,569,Leny Yoro,FRA,DF,Manchester Utd,18,2005,21,12,1165,12.9,0,0,0,0,0,0,5,0,0.7,0.7,0.1,0.8,19,52,4,0.0,0.0,0.0,0.0,0.0,0.05,0.01,0.06,0.05,0.06,-0.7,-0.1
569,570,Ashley Young,ENG,DF,Everton,39,1985,32,19,1875,20.8,1,3,4,1,0,0,7,1,0.3,0.3,2.3,2.6,24,90,32,0.05,0.14,0.19,0.05,0.19,0.01,0.11,0.12,0.01,0.12,0.7,0.7
570,571,Illia Zabarnyi,UKR,DF,Bournemouth,21,2002,36,35,3109,34.5,0,1,1,0,0,0,4,1,1.3,1.3,0.7,2.0,27,140,4,0.0,0.03,0.03,0.0,0.03,0.04,0.02,0.06,0.04,0.06,-1.3,0.3
571,572,Oleksandr Zinchenko,UKR,"DF,MF",Arsenal,27,1996,15,5,527,5.9,0,1,1,0,0,0,1,0,0.6,0.6,0.2,0.8,10,48,14,0.0,0.17,0.17,0.0,0.17,0.11,0.03,0.14,0.11,0.14,-0.6,0.8
572,573,Joshua Zirkzee,NED,"FW,MF",Manchester Utd,23,2001,32,14,1402,15.6,3,1,4,3,0,0,2,0,4.8,4.8,1.5,6.3,14,44,69,0.19,0.06,0.26,0.19,0.26,0.31,0.1,0.41,0.31,0.41,-1.8,-0.5
573,574,Martin Ødegaard,NOR,MF,Arsenal,25,1998,30,26,2325,25.8,3,8,11,2,1,1,4,0,4.8,4.0,5.4,9.5,92,258,154,0.12,0.31,0.43,0.08,0.39,0.19,0.21,0.4,0.16,0.37,-1.8,2.6
